Shipment_ID,Order_Date,Origin_Location,Destination,Channel,Carrier_3PL,Distance_km,Weight_kg,Expected_Transit_Days,Actual_Transit_Days,Delivery_Status,Freight_Spend_EUR,Invoice_Billed_EUR,EDI_Compliance_Status,Claim_Status,Invoice_Discrepancy
SHP100000,2023-05-31,Vendor_Rotterdam_NL,Store_Berlin,B2B_Wholesale,DHL_Express,448,1957.92,1,1,On_Time,1163.16,1279.48,Success,None,116.32
SHP100001,2023-07-16,US_Home_Office_NY,Store_Berlin,Retail_Store,DPD_Local,2367,552.83,5,7,Late,694.47,694.47,Failure_ASN_Missing,None,0.00
SHP100002,2023-01-21,DC_Lyon_FR,Store_Berlin,B2B_Wholesale,XPO_Logistics,980,2297.96,3,4,Late,1415.98,1486.78,Success,None,70.80
SHP100003,2023-12-05,US_Home_Office_NY,Store_Milan,B2B_Wholesale,Maersk_Inland,2113,1328.34,5,7,Late,1070.12,1070.12,Success,Damaged_in_Transit,0.00
SHP100004,2023-07-18,US_Home_Office_NY,Ecom_Customer_UK,Retail_Store,FedEx_Crossborder,576,4981.83,3,5,Late,2711.32,2711.32,Failure_ASN_Missing,Shortage,0.00
SHP100005,2023-04-05,DC_Frankfurt_DE,Store_Berlin,Retail_Store,Maersk_Inland,372,3410.27,1,6,Late,1905.93,2001.23,Success,None,95.30
SHP100006,2023-07-08,DC_Lyon_FR,Store_Paris,E_Commerce,FedEx_Crossborder,2038,4873.4,5,7,Late,2797.40,2797.40,Success,Damaged_in_Transit,0.00
SHP100007,2023-11-27,DC_Lyon_FR,Ecom_Customer_EU,Retail_Store,FedEx_Crossborder,477,3182.58,1,3,Late,1780.84,1780.84,Failure_ASN_Missing,Lost_Freight,0.00
SHP100008,2023-01-10,DC_Lyon_FR,Ecom_Customer_EU,B2B_Wholesale,XPO_Logistics,331,2722.07,1,4,Late,1569.69,1569.69,Failure_ASN_Missing,None,0.00
SHP100009,2023-07-03,US_Home_Office_NY,Store_Berlin,E_Commerce,FedEx_Crossborder,1658,283.25,5,6,Late,525.32,551.59,Failure_ASN_Missing,Damaged_in_Transit,26.27
SHP100010,2023-10-04,Vendor_Rotterdam_NL,Ecom_Customer_UK,B2B_Wholesale,DHL_Express,1674,3213.88,5,7,Late,1977.04,1977.04,Success,Damaged_in_Transit,0.00
SHP100011,2023-06-26,DC_Lyon_FR,Ecom_Customer_UK,E_Commerce,DHL_Express,1021,2550.11,5,5,On_Time,1563.21,1641.37,Success,None,78.16
SHP100012,2023-06-14,US_Home_Office_NY,Store_Milan,B2B_Wholesale,FedEx_Crossborder,1816,4270.18,5,9,Late,2496.49,2496.49,Failure_ASN_Missing,None,0.00
SHP100013,2023-12-23,DC_Frankfurt_DE,Store_Berlin,E_Commerce,DPD_Local,2065,1743.7,5,6,Late,1337.60,1404.48,Failure_ASN_Missing,None,66.88
SHP100014,2023-06-17,Vendor_Rotterdam_NL,Store_Paris,Retail_Store,Maersk_Inland,1695,2859.41,5,7,Late,1740.95,1740.95,Failure_Invoice_Mismatch,Damaged_in_Transit,0.00
SHP100015,2023-08-13,DC_Frankfurt_DE,Store_Milan,B2B_Wholesale,XPO_Logistics,80,1537.67,1,2,Late,940.84,940.84,Failure_ASN_Missing,None,0.00
SHP100016,2023-04-22,Vendor_Rotterdam_NL,Store_Milan,B2B_Wholesale,FedEx_Crossborder,802,421.75,3,7,Late,496.17,520.98,Failure_ASN_Missing,None,24.81
SHP100017,2023-08-05,US_Home_Office_NY,Store_Berlin,E_Commerce,FedEx_Crossborder,739,4785.5,3,5,Late,2689.60,2689.60,Failure_ASN_Missing,Shortage,0.00
SHP100018,2023-08-08,DC_London_UK,Store_Berlin,Retail_Store,FedEx_Crossborder,1018,119.39,5,6,Late,350.39,385.43,Success,Damaged_in_Transit,35.04
SHP100019,2023-07-21,Vendor_Rotterdam_NL,Store_Milan,Retail_Store,DHL_Express,911,1901.21,3,4,Late,1150.25,1150.25,Failure_ASN_Missing,Lost_Freight,0.00
SHP100020,2023-01-06,DC_Frankfurt_DE,Store_Milan,E_Commerce,DHL_Express,1407,1575.45,5,5,On_Time,1155.77,1271.35,Success,None,115.58
SHP100021,2023-01-07,US_Home_Office_NY,Store_Milan,Retail_Store,Maersk_Inland,1965,4302.87,5,7,Late,2626.19,2626.19,Failure_ASN_Missing,Shortage,0.00
SHP100022,2023-09-19,Vendor_Rotterdam_NL,Store_London,Retail_Store,XPO_Logistics,2119,813.14,5,6,Late,903.42,993.76,Success,None,90.34
SHP100023,2023-12-30,DC_London_UK,Store_Milan,E_Commerce,FedEx_Crossborder,144,4515.91,1,3,Late,2443.56,2443.56,Success,Shortage,0.00
SHP100024,2023-04-07,DC_London_UK,Ecom_Customer_UK,B2B_Wholesale,DHL_Express,1584,3188.23,5,5,On_Time,1977.72,2076.60,Success,None,98.88
SHP100025,2023-10-10,DC_Lyon_FR,Ecom_Customer_EU,E_Commerce,DHL_Express,397,3081.37,1,3,Late,1730.23,1816.75,Failure_ASN_Missing,Lost_Freight,86.52
SHP100026,2023-01-02,DC_Lyon_FR,Store_Paris,E_Commerce,DPD_Local,1569,3721.18,5,8,Late,2166.94,2166.94,Failure_Invoice_Mismatch,None,0.00
SHP100027,2023-11-16,DC_Frankfurt_DE,Store_Paris,E_Commerce,FedEx_Crossborder,2006,2403.67,5,8,Late,1587.74,1746.51,Failure_ASN_Missing,None,158.77
SHP100028,2023-05-12,Vendor_Rotterdam_NL,Ecom_Customer_EU,Retail_Store,FedEx_Crossborder,2069,1252.9,5,6,Late,1130.80,1243.88,Failure_Invoice_Mismatch,None,113.08
SHP100029,2023-11-04,Vendor_Rotterdam_NL,Store_Berlin,B2B_Wholesale,XPO_Logistics,1748,1433.88,5,6,Late,1173.14,1231.79,Success,None,58.65
SHP100030,2023-11-25,DC_Lyon_FR,Store_Milan,Retail_Store,DPD_Local,1310,1249.27,5,7,Late,983.13,983.13,Success,Damaged_in_Transit,0.00
SHP100031,2023-12-11,Vendor_Rotterdam_NL,Store_Paris,Retail_Store,FedEx_Crossborder,2150,2611.21,5,7,Late,1734.10,1734.10,Success,None,0.00
SHP100032,2023-03-13,Vendor_Rotterdam_NL,Store_Paris,Retail_Store,DHL_Express,1077,4962.02,5,8,Late,2792.56,2792.56,Success,None,0.00
SHP100033,2023-03-05,DC_London_UK,Ecom_Customer_UK,B2B_Wholesale,Maersk_Inland,178,1452.8,1,4,Late,862.10,905.20,Failure_ASN_Missing,None,43.10
SHP100034,2023-11-01,DC_Lyon_FR,Ecom_Customer_UK,E_Commerce,XPO_Logistics,1888,4005.73,5,6,Late,2467.06,2713.77,Success,Damaged_in_Transit,246.71
SHP100035,2023-02-14,US_Home_Office_NY,Store_London,E_Commerce,FedEx_Crossborder,594,1502.02,3,5,Late,979.11,1077.02,Failure_ASN_Missing,None,97.91
SHP100036,2023-05-05,DC_Lyon_FR,Ecom_Customer_EU,B2B_Wholesale,FedEx_Crossborder,716,4254.84,3,6,Late,2288.82,2288.82,Success,None,0.00
SHP100037,2023-06-21,US_Home_Office_NY,Store_London,E_Commerce,DHL_Express,540,3721.28,3,5,Late,2037.64,2241.41,Success,Shortage,203.77
SHP100038,2023-04-08,DC_London_UK,Store_Paris,B2B_Wholesale,Maersk_Inland,1527,1244.07,5,9,Late,1013.09,1013.09,Success,Shortage,0.00
SHP100039,2023-06-20,DC_Frankfurt_DE,Store_Berlin,Retail_Store,DHL_Express,1797,2535.93,5,7,Late,1600.51,1760.56,Success,None,160.05
SHP100040,2023-09-27,Vendor_Rotterdam_NL,Store_Paris,E_Commerce,DHL_Express,1816,3421.84,5,8,Late,2165.32,2165.32,Success,Damaged_in_Transit,0.00
SHP100041,2023-07-25,DC_London_UK,Store_Berlin,B2B_Wholesale,Maersk_Inland,475,3495.09,1,6,Late,1988.79,2187.67,Failure_Invoice_Mismatch,Lost_Freight,198.88
SHP100042,2023-06-27,Vendor_Rotterdam_NL,Store_Paris,B2B_Wholesale,DHL_Express,1093,949.86,5,7,Late,765.88,765.88,Success,None,0.00
SHP100043,2023-01-17,DC_Frankfurt_DE,Ecom_Customer_UK,B2B_Wholesale,DHL_Express,1069,4571.61,5,6,Late,2641.16,2905.27,Success,None,264.11
SHP100044,2023-05-30,DC_Frankfurt_DE,Store_Milan,B2B_Wholesale,DHL_Express,2208,1449.14,5,5,On_Time,1154.77,1212.51,Success,None,57.74
SHP100045,2023-09-12,DC_London_UK,Store_Paris,E_Commerce,Maersk_Inland,1133,3912.82,5,10,Late,2189.36,2189.36,Success,None,0.00
SHP100046,2023-11-05,DC_Frankfurt_DE,Store_London,Retail_Store,DHL_Express,2008,2658.7,5,6,Late,1707.55,1707.55,Success,Damaged_in_Transit,0.00
SHP100047,2023-05-23,US_Home_Office_NY,Store_Berlin,E_Commerce,Maersk_Inland,1515,3531.17,5,7,Late,2177.84,2177.84,Failure_Invoice_Mismatch,Shortage,0.00
SHP100048,2023-02-23,DC_Frankfurt_DE,Store_Berlin,E_Commerce,FedEx_Crossborder,1061,3713.79,5,7,Late,2116.04,2327.65,Success,Lost_Freight,211.61
SHP100049,2023-08-05,Vendor_Rotterdam_NL,Store_Paris,B2B_Wholesale,FedEx_Crossborder,174,2867.68,1,5,Late,1635.94,1799.53,Failure_ASN_Missing,Lost_Freight,163.59
SHP100050,2023-08-15,Vendor_Rotterdam_NL,Store_Berlin,Retail_Store,DHL_Express,538,3386.99,3,6,Late,1938.19,1938.19,Failure_ASN_Missing,None,0.00
SHP100051,2023-11-22,Vendor_Rotterdam_NL,Store_London,B2B_Wholesale,DPD_Local,844,4698.15,3,5,Late,2530.68,2783.74,Success,Damaged_in_Transit,253.06
SHP100052,2023-06-28,Vendor_Rotterdam_NL,Ecom_Customer_UK,E_Commerce,FedEx_Crossborder,683,360.5,3,7,Late,389.70,428.67,Success,None,38.97
SHP100053,2023-08-20,US_Home_Office_NY,Store_Milan,Retail_Store,Maersk_Inland,1871,804.7,5,10,Late,833.00,833.00,Failure_ASN_Missing,Lost_Freight,0.00
SHP100054,2023-05-01,DC_Lyon_FR,Store_Milan,E_Commerce,FedEx_Crossborder,2091,3392.88,5,6,Late,2155.09,2262.85,Success,None,107.76
SHP100055,2023-06-21,DC_London_UK,Store_Berlin,Retail_Store,Unknown_Carrier,1611,3035.37,5,9,Late,1937.34,2131.07,Failure_ASN_Missing,Lost_Freight,193.73
SHP100056,2023-12-25,Vendor_Rotterdam_NL,Store_Paris,Retail_Store,DHL_Express,1460,1329.19,5,7,Late,1047.59,1047.59,Success,None,0.00
SHP100057,2023-03-02,DC_Frankfurt_DE,Store_Berlin,B2B_Wholesale,Maersk_Inland,725,2979.43,3,7,Late,1703.47,1873.81,Success,Shortage,170.34
SHP100058,2023-04-09,Vendor_Rotterdam_NL,Store_London,B2B_Wholesale,DPD_Local,858,2972.19,3,5,Late,1785.80,1785.80,Success,None,0.00
SHP100059,2023-06-02,DC_Frankfurt_DE,Ecom_Customer_EU,B2B_Wholesale,Maersk_Inland,1143,1064.11,5,7,Late,804.50,844.73,Success,None,40.23
SHP100060,2023-04-09,DC_Frankfurt_DE,Store_Paris,E_Commerce,FedEx_Crossborder,478,1798.97,1,4,Late,1119.18,1119.18,Success,Damaged_in_Transit,0.00
SHP100061,2023-06-23,Vendor_Rotterdam_NL,Ecom_Customer_UK,Retail_Store,FedEx_Crossborder,2099,1383.81,5,9,Late,1060.75,1113.79,Failure_ASN_Missing,Lost_Freight,53.04
SHP100062,2023-05-30,US_Home_Office_NY,Store_London,B2B_Wholesale,DHL_Express,1765,2367.37,5,5,On_Time,1509.44,1660.38,Success,None,150.94
SHP100063,2023-10-02,DC_Frankfurt_DE,Ecom_Customer_UK,B2B_Wholesale,Unknown_Carrier,822,2517.78,3,6,Late,1560.19,1638.20,Success,Lost_Freight,78.01
SHP100064,2023-07-09,DC_Frankfurt_DE,Store_Paris,B2B_Wholesale,XPO_Logistics,1873,801.6,5,6,Late,845.75,888.04,Success,Shortage,42.29
SHP100065,2023-04-25,Vendor_Rotterdam_NL,Ecom_Customer_UK,B2B_Wholesale,DPD_Local,1008,1425.45,5,6,Late,968.92,968.92,Success,None,0.00
SHP100066,2023-08-26,DC_Frankfurt_DE,Store_London,Retail_Store,Maersk_Inland,1331,4611.64,5,7,Late,2628.47,2759.89,Failure_Invoice_Mismatch,Lost_Freight,131.42
SHP100067,2023-01-15,DC_Frankfurt_DE,Store_London,Retail_Store,DHL_Express,1130,3202.77,5,5,On_Time,1915.89,1915.89,Failure_Invoice_Mismatch,None,0.00
SHP100068,2023-08-13,Vendor_Rotterdam_NL,Store_Berlin,E_Commerce,XPO_Logistics,1576,1820.96,5,9,Late,1196.88,1196.88,Success,Lost_Freight,0.00
SHP100069,2023-11-13,Vendor_Rotterdam_NL,Ecom_Customer_EU,B2B_Wholesale,XPO_Logistics,432,4517.12,1,5,Late,2512.36,2512.36,Success,None,0.00
SHP100070,2023-12-07,DC_London_UK,Store_Paris,Retail_Store,Maersk_Inland,2492,150,5,9,Late,1086.70,1141.04,Success,None,54.34
SHP100071,2023-01-18,US_Home_Office_NY,Store_Milan,Retail_Store,DHL_Express,1300,2862.31,5,5,On_Time,1701.15,1871.27,Success,None,170.12
SHP100072,2023-02-22,US_Home_Office_NY,Ecom_Customer_EU,E_Commerce,XPO_Logistics,1142,439.94,5,8,Late,545.27,572.53,Success,None,27.26
SHP100073,2023-12-05,DC_Frankfurt_DE,Store_Milan,B2B_Wholesale,DHL_Express,2069,2092.12,5,6,Late,1517.41,1669.15,Success,None,151.74
SHP100074,2023-06-25,US_Home_Office_NY,Ecom_Customer_UK,E_Commerce,Maersk_Inland,1099,3726.11,5,7,Late,2138.91,2352.80,Success,Lost_Freight,213.89
SHP100075,2023-05-21,DC_Frankfurt_DE,Store_Milan,B2B_Wholesale,Maersk_Inland,1643,427.8,5,7,Late,553.35,581.02,Success,Damaged_in_Transit,27.67
SHP100076,2023-08-13,DC_London_UK,Store_Milan,Retail_Store,DHL_Express,1331,4008.63,5,6,Late,2363.96,2363.96,Success,None,0.00
SHP100077,2023-11-05,Vendor_Rotterdam_NL,Store_London,Retail_Store,Maersk_Inland,915,852.79,3,6,Late,619.65,619.65,Success,None,0.00
SHP100078,2023-09-07,Vendor_Rotterdam_NL,Store_London,B2B_Wholesale,Maersk_Inland,2335,4952.6,5,9,Late,2932.55,3225.81,Success,None,293.26
SHP100079,2023-01-27,Vendor_Rotterdam_NL,Store_London,B2B_Wholesale,XPO_Logistics,2228,3684.25,5,7,Late,2334.32,2334.32,Failure_ASN_Missing,None,0.00
SHP100080,2023-01-17,US_Home_Office_NY,Store_Milan,Retail_Store,DHL_Express,2496,4129.75,5,6,Late,2533.27,2786.60,Failure_ASN_Missing,None,253.33
SHP100081,2023-02-04,DC_London_UK,Ecom_Customer_UK,Retail_Store,Maersk_Inland,2113,1882.61,5,7,Late,1406.26,1406.26,Success,None,0.00
SHP100082,2023-02-22,US_Home_Office_NY,Store_Paris,Retail_Store,DPD_Local,2167,611.19,5,5,On_Time,680.64,680.64,Failure_Invoice_Mismatch,None,0.00
SHP100083,2023-09-17,US_Home_Office_NY,Store_Berlin,E_Commerce,DPD_Local,2294,3295.8,5,5,On_Time,2062.00,2062.00,Failure_Invoice_Mismatch,None,0.00
SHP100084,2023-10-12,DC_London_UK,Ecom_Customer_UK,E_Commerce,Maersk_Inland,620,3052.52,3,5,Late,1807.26,1897.62,Failure_Invoice_Mismatch,None,90.36
SHP100085,2023-06-09,DC_London_UK,Store_London,E_Commerce,FedEx_Crossborder,1074,3075.18,5,6,Late,1890.69,1985.22,Success,None,94.53
SHP100086,2023-09-29,DC_London_UK,Ecom_Customer_UK,E_Commerce,DPD_Local,918,3796.57,3,6,Late,2105.99,2211.29,Failure_ASN_Missing,Damaged_in_Transit,105.30
SHP100087,2023-10-05,DC_London_UK,Store_Paris,B2B_Wholesale,XPO_Logistics,2015,691.5,5,6,Late,789.00,789.00,Success,Shortage,0.00
SHP100088,2023-08-24,Vendor_Rotterdam_NL,Ecom_Customer_EU,B2B_Wholesale,XPO_Logistics,2320,1279.24,5,6,Late,1072.62,1072.62,Failure_ASN_Missing,None,0.00
SHP100089,2023-12-31,DC_Lyon_FR,Store_London,Retail_Store,XPO_Logistics,1156,366.81,5,6,Late,548.80,548.80,Failure_Invoice_Mismatch,None,0.00
SHP100090,2023-11-05,DC_Lyon_FR,Store_Paris,B2B_Wholesale,Maersk_Inland,2328,3262.04,5,10,Late,2083.22,2187.38,Failure_ASN_Missing,Shortage,104.16
SHP100091,2023-05-05,DC_London_UK,Ecom_Customer_EU,B2B_Wholesale,Maersk_Inland,435,3017.45,1,4,Late,1670.98,1670.98,Failure_Invoice_Mismatch,None,0.00
SHP100092,2023-06-16,DC_Lyon_FR,Store_Berlin,B2B_Wholesale,DPD_Local,1828,1254.99,5,8,Late,959.70,959.70,Failure_Invoice_Mismatch,Lost_Freight,0.00
SHP100093,2023-04-16,DC_Lyon_FR,Ecom_Customer_UK,E_Commerce,XPO_Logistics,1037,174.51,5,6,Late,344.81,379.29,Failure_Invoice_Mismatch,None,34.48
SHP100094,2023-01-28,DC_London_UK,Store_Berlin,B2B_Wholesale,XPO_Logistics,960,527.45,3,7,Late,602.72,632.86,Failure_Invoice_Mismatch,Damaged_in_Transit,30.14
SHP100095,2023-12-04,DC_Lyon_FR,Store_Milan,B2B_Wholesale,FedEx_Crossborder,2425,971.72,5,9,Late,985.61,985.61,Success,None,0.00
SHP100096,2023-08-10,US_Home_Office_NY,Ecom_Customer_UK,Retail_Store,Maersk_Inland,2334,4424.5,5,7,Late,2678.35,2812.27,Success,Shortage,133.92
SHP100097,2023-01-25,DC_Frankfurt_DE,Ecom_Customer_EU,E_Commerce,DPD_Local,919,4390.35,3,6,Late,2453.03,2575.68,Success,None,122.65
SHP100098,2023-03-31,DC_Frankfurt_DE,Store_Milan,Retail_Store,DPD_Local,549,150,3,3,On_Time,1348.40,1415.82,Success,None,67.42
SHP100099,2023-04-03,DC_London_UK,Store_Paris,Retail_Store,Maersk_Inland,141,3180.55,1,5,Late,1670.42,1753.94,Success,Lost_Freight,83.52
SHP100100,2023-06-08,Vendor_Rotterdam_NL,Store_Milan,E_Commerce,XPO_Logistics,1956,3614.78,5,9,Late,2296.79,2296.79,Success,Shortage,0.00
SHP100101,2023-10-03,DC_London_UK,Ecom_Customer_EU,E_Commerce,Unknown_Carrier,1234,1392.72,5,5,On_Time,955.46,1003.23,Success,None,47.77
SHP100102,2023-05-08,Vendor_Rotterdam_NL,Ecom_Customer_EU,E_Commerce,DPD_Local,930,150,3,3,On_Time,2043.74,2248.12,Failure_ASN_Missing,None,204.38
SHP100103,2023-04-23,DC_Frankfurt_DE,Store_Paris,Retail_Store,Maersk_Inland,214,2341.05,1,4,Late,1272.63,1272.63,Success,Lost_Freight,0.00
SHP100104,2023-12-28,DC_London_UK,Store_Berlin,Retail_Store,XPO_Logistics,121,4007.19,1,3,Late,2119.74,2225.73,Success,None,105.99
SHP100105,2023-08-26,US_Home_Office_NY,Store_London,E_Commerce,XPO_Logistics,1476,1792.43,5,6,Late,1243.61,1367.97,Success,None,124.36
SHP100106,2023-09-07,DC_Lyon_FR,Store_Berlin,Retail_Store,XPO_Logistics,1363,2913.04,5,6,Late,1824.97,1824.97,Success,None,0.00
SHP100107,2023-06-27,Vendor_Rotterdam_NL,Store_Milan,B2B_Wholesale,FedEx_Crossborder,1768,4200.03,5,8,Late,2489.22,2613.68,Success,Damaged_in_Transit,124.46
SHP100108,2023-10-29,DC_Lyon_FR,Store_Paris,Retail_Store,XPO_Logistics,1967,142.24,5,9,Late,495.17,544.69,Failure_ASN_Missing,None,49.52
SHP100109,2023-03-16,DC_Lyon_FR,Store_Milan,E_Commerce,FedEx_Crossborder,2484,1839.07,5,6,Late,1426.14,1497.44,Success,None,71.30
SHP100110,2023-09-03,DC_London_UK,Ecom_Customer_EU,Retail_Store,Maersk_Inland,1930,3066.52,5,9,Late,2012.76,2214.04,Success,None,201.28
SHP100111,2023-12-24,DC_Lyon_FR,Store_London,Retail_Store,XPO_Logistics,606,2151.67,3,4,Late,1312.74,1312.74,Failure_Invoice_Mismatch,None,0.00
SHP100112,2023-08-21,US_Home_Office_NY,Ecom_Customer_UK,E_Commerce,Maersk_Inland,2411,3310.64,5,8,Late,2176.97,2394.67,Success,Damaged_in_Transit,217.70
SHP100113,2023-03-05,DC_Lyon_FR,Ecom_Customer_UK,B2B_Wholesale,DPD_Local,345,996.3,1,1,On_Time,642.90,642.90,Success,None,0.00
SHP100114,2023-05-24,DC_London_UK,Ecom_Customer_UK,E_Commerce,XPO_Logistics,1709,252.07,5,6,Late,577.38,635.12,Success,Shortage,57.74
SHP100115,2023-07-26,US_Home_Office_NY,Store_Milan,Retail_Store,FedEx_Crossborder,314,895.32,1,4,Late,607.76,607.76,Success,None,0.00
SHP100116,2023-12-16,DC_Frankfurt_DE,Ecom_Customer_UK,B2B_Wholesale,DPD_Local,348,2183.74,1,2,Late,1205.07,1205.07,Failure_Invoice_Mismatch,None,0.00
SHP100117,2023-09-28,DC_Lyon_FR,Store_Paris,B2B_Wholesale,Maersk_Inland,2040,3511.52,5,9,Late,2173.76,2391.14,Failure_ASN_Missing,None,217.38
SHP100118,2023-07-20,DC_London_UK,Store_London,Retail_Store,DHL_Express,288,1403.25,1,4,Late,908.82,908.82,Success,Damaged_in_Transit,0.00
SHP100119,2023-04-05,DC_Frankfurt_DE,Ecom_Customer_EU,E_Commerce,Maersk_Inland,1170,698.63,5,10,Late,650.82,650.82,Success,Lost_Freight,0.00
SHP100120,2023-03-14,DC_Frankfurt_DE,Store_Berlin,B2B_Wholesale,DPD_Local,1578,2384.12,5,5,On_Time,1592.76,1672.40,Success,None,79.64
SHP100121,2023-08-11,Vendor_Rotterdam_NL,Ecom_Customer_EU,E_Commerce,DPD_Local,721,4847.16,3,5,Late,2633.73,2633.73,Failure_Invoice_Mismatch,None,0.00
SHP100122,2023-03-30,US_Home_Office_NY,Store_Paris,Retail_Store,DPD_Local,1990,2906.23,5,5,On_Time,1890.62,2079.68,Success,None,189.06
SHP100123,2023-05-28,DC_Lyon_FR,Store_London,E_Commerce,XPO_Logistics,1601,4479.37,5,7,Late,2594.84,2724.58,Success,None,129.74
SHP100124,2023-03-15,DC_London_UK,Store_Berlin,E_Commerce,Maersk_Inland,737,4016.53,3,8,Late,2241.81,2241.81,Failure_ASN_Missing,None,0.00
SHP100125,2023-12-01,Vendor_Rotterdam_NL,Ecom_Customer_UK,E_Commerce,Maersk_Inland,1377,887.62,5,7,Late,839.36,923.30,Success,Damaged_in_Transit,83.94
SHP100126,2023-05-04,US_Home_Office_NY,Store_Berlin,B2B_Wholesale,FedEx_Crossborder,618,1300.92,3,6,Late,892.16,936.77,Failure_Invoice_Mismatch,Shortage,44.61
SHP100127,2023-12-11,Vendor_Rotterdam_NL,Store_Milan,Retail_Store,Maersk_Inland,1910,2531.6,5,9,Late,1638.30,1638.30,Success,None,0.00
SHP100128,2023-09-05,US_Home_Office_NY,Store_Milan,B2B_Wholesale,FedEx_Crossborder,277,150,1,4,Late,1348.07,1482.87,Success,Damaged_in_Transit,134.80
SHP100129,2023-09-07,US_Home_Office_NY,Ecom_Customer_UK,B2B_Wholesale,Unknown_Carrier,744,2070.26,3,3,On_Time,1225.73,1225.73,Success,None,0.00
SHP100130,2023-04-07,DC_Lyon_FR,Ecom_Customer_UK,Retail_Store,XPO_Logistics,1353,3878.46,5,6,Late,2295.18,2295.18,Success,Damaged_in_Transit,0.00
SHP100131,2023-02-26,US_Home_Office_NY,Store_Paris,B2B_Wholesale,Maersk_Inland,1077,2238.48,5,8,Late,1353.79,1353.79,Success,None,0.00
SHP100132,2023-12-08,Vendor_Rotterdam_NL,Store_Paris,B2B_Wholesale,DHL_Express,1339,1268.5,5,7,Late,984.10,984.10,Success,None,0.00
SHP100133,2023-01-14,US_Home_Office_NY,Ecom_Customer_EU,E_Commerce,Unknown_Carrier,1115,1934.28,5,9,Late,1261.39,1387.53,Failure_ASN_Missing,None,126.14
SHP100134,2023-04-22,DC_Lyon_FR,Store_Milan,B2B_Wholesale,FedEx_Crossborder,591,550.45,3,4,Late,550.88,605.96,Success,None,55.08
SHP100135,2023-09-28,DC_Lyon_FR,Store_London,Retail_Store,DHL_Express,306,428.64,1,2,Late,347.22,347.22,Success,Shortage,0.00
SHP100136,2023-07-29,Vendor_Rotterdam_NL,Store_Paris,Retail_Store,Maersk_Inland,1238,2782.34,5,7,Late,1710.87,1881.96,Success,None,171.09
SHP100137,2023-09-11,DC_Frankfurt_DE,Store_London,B2B_Wholesale,DHL_Express,199,4097.84,1,2,Late,2213.77,2435.15,Failure_ASN_Missing,None,221.38
SHP100138,2023-04-28,DC_Frankfurt_DE,Ecom_Customer_EU,B2B_Wholesale,DHL_Express,432,1549.07,1,2,Late,934.33,934.33,Success,Damaged_in_Transit,0.00
SHP100139,2023-12-11,US_Home_Office_NY,Store_Milan,E_Commerce,XPO_Logistics,344,304.82,1,3,Late,391.01,410.56,Success,None,19.55
SHP100140,2023-04-30,DC_London_UK,Store_Paris,B2B_Wholesale,XPO_Logistics,1688,952.76,5,8,Late,854.58,940.04,Failure_Invoice_Mismatch,None,85.46
SHP100141,2023-06-14,US_Home_Office_NY,Store_London,E_Commerce,DHL_Express,400,2683.08,1,1,On_Time,1513.54,1513.54,Failure_ASN_Missing,None,0.00
SHP100142,2023-02-26,Vendor_Rotterdam_NL,Ecom_Customer_EU,E_Commerce,Maersk_Inland,1586,3356.28,5,10,Late,2036.04,2036.04,Failure_Invoice_Mismatch,Shortage,0.00
SHP100143,2023-07-22,Vendor_Rotterdam_NL,Store_London,B2B_Wholesale,DHL_Express,114,4050.79,1,1,On_Time,2125.50,2125.50,Failure_Invoice_Mismatch,None,0.00
SHP100144,2023-01-01,Vendor_Rotterdam_NL,Store_Paris,B2B_Wholesale,Maersk_Inland,1583,1481.14,5,7,Late,1131.02,1187.57,Failure_ASN_Missing,Damaged_in_Transit,56.55
SHP100145,2023-02-17,Vendor_Rotterdam_NL,Ecom_Customer_UK,Retail_Store,FedEx_Crossborder,131,4331.99,1,2,Late,2271.65,2498.81,Success,None,227.16
SHP100146,2023-12-13,Vendor_Rotterdam_NL,Ecom_Customer_EU,B2B_Wholesale,DPD_Local,1603,1270.63,5,7,Late,1004.77,1004.77,Success,None,0.00
SHP100147,2023-01-17,DC_Lyon_FR,Ecom_Customer_EU,Retail_Store,Maersk_Inland,1991,3603.84,5,9,Late,2222.57,2222.57,Failure_Invoice_Mismatch,None,0.00
SHP100148,2023-04-30,DC_Frankfurt_DE,Store_Berlin,E_Commerce,XPO_Logistics,1838,445.53,5,6,Late,662.46,662.46,Failure_ASN_Missing,Lost_Freight,0.00
SHP100149,2023-03-10,Vendor_Rotterdam_NL,Ecom_Customer_UK,E_Commerce,Maersk_Inland,2391,480.86,5,10,Late,780.08,780.08,Failure_Invoice_Mismatch,Shortage,0.00
SHP100150,2023-04-18,DC_London_UK,Ecom_Customer_EU,B2B_Wholesale,DPD_Local,1565,3845.51,5,8,Late,2279.50,2393.48,Success,None,113.98
SHP100151,2023-11-17,DC_London_UK,Store_Berlin,Retail_Store,DHL_Express,578,2346.36,3,5,Late,1372.88,1510.17,Success,Damaged_in_Transit,137.29
SHP100152,2023-12-15,DC_London_UK,Store_London,Retail_Store,FedEx_Crossborder,1080,904.65,5,7,Late,787.32,787.32,Success,Shortage,0.00
SHP100153,2023-09-16,DC_London_UK,Store_Paris,Retail_Store,FedEx_Crossborder,1121,4847.68,5,9,Late,2773.99,2773.99,Failure_ASN_Missing,None,0.00
SHP100154,2023-03-18,DC_Lyon_FR,Ecom_Customer_EU,E_Commerce,DPD_Local,1742,2072.8,5,7,Late,1419.70,1419.70,Failure_ASN_Missing,None,0.00
SHP100155,2023-05-28,DC_London_UK,Store_Milan,Retail_Store,Unknown_Carrier,1485,4072.97,5,8,Late,2389.23,2389.23,Failure_ASN_Missing,None,0.00
SHP100156,2023-04-07,Vendor_Rotterdam_NL,Store_Paris,E_Commerce,Maersk_Inland,2253,3029.89,5,7,Late,2029.89,2029.89,Success,Shortage,0.00
SHP100157,2023-01-19,US_Home_Office_NY,Ecom_Customer_UK,E_Commerce,DHL_Express,1774,3887.96,5,5,On_Time,2276.08,2276.08,Success,None,0.00
SHP100158,2023-06-08,DC_London_UK,Store_Berlin,B2B_Wholesale,Maersk_Inland,2133,1011.28,5,10,Late,960.59,1056.65,Success,None,96.06
SHP100159,2023-06-20,DC_Lyon_FR,Store_Paris,B2B_Wholesale,DPD_Local,201,72.78,1,1,On_Time,126.54,126.54,Success,None,0.00
SHP100160,2023-12-18,DC_Lyon_FR,Store_Berlin,E_Commerce,XPO_Logistics,2461,1019.33,5,6,Late,1043.82,1043.82,Failure_ASN_Missing,None,0.00
SHP100161,2023-06-01,DC_London_UK,Ecom_Customer_UK,B2B_Wholesale,FedEx_Crossborder,682,189.9,3,5,Late,286.25,314.88,Success,Lost_Freight,28.63
SHP100162,2023-04-29,US_Home_Office_NY,Ecom_Customer_UK,B2B_Wholesale,DPD_Local,2361,2756.26,5,7,Late,1862.28,1862.28,Failure_Invoice_Mismatch,None,0.00
SHP100163,2023-03-23,DC_London_UK,Store_Paris,E_Commerce,DHL_Express,2499,1319.53,5,5,On_Time,1160.62,1160.62,Success,None,0.00
SHP100164,2023-04-16,DC_Lyon_FR,Ecom_Customer_EU,E_Commerce,XPO_Logistics,785,4261.98,3,4,Late,2320.74,2552.81,Success,Lost_Freight,232.07
SHP100165,2023-03-29,DC_Frankfurt_DE,Store_Milan,Retail_Store,DHL_Express,1853,2965.06,5,5,On_Time,1954.48,1954.48,Success,None,0.00
SHP100166,2023-04-12,Vendor_Rotterdam_NL,Ecom_Customer_EU,Retail_Store,Maersk_Inland,1893,28.83,5,7,Late,429.37,429.37,Failure_Invoice_Mismatch,None,0.00
SHP100167,2023-09-07,DC_Lyon_FR,Store_Milan,B2B_Wholesale,XPO_Logistics,909,2381.8,3,7,Late,1512.25,1587.86,Success,None,75.61
SHP100168,2023-07-01,DC_London_UK,Store_Berlin,B2B_Wholesale,FedEx_Crossborder,937,2483.49,3,4,Late,1437.30,1581.03,Failure_ASN_Missing,None,143.73
SHP100169,2023-11-10,Vendor_Rotterdam_NL,Store_Paris,E_Commerce,XPO_Logistics,1708,2214.48,5,6,Late,1423.44,1423.44,Failure_Invoice_Mismatch,None,0.00
SHP100170,2023-03-31,DC_London_UK,Store_London,Retail_Store,Maersk_Inland,684,3310.22,3,6,Late,1894.71,1989.45,Success,None,94.74
SHP100171,2023-01-09,DC_London_UK,Ecom_Customer_UK,Retail_Store,FedEx_Crossborder,313,3605.68,1,5,Late,1930.79,1930.79,Success,None,0.00
SHP100172,2023-06-10,DC_Frankfurt_DE,Ecom_Customer_EU,E_Commerce,Maersk_Inland,1860,140.03,5,7,Late,482.01,482.01,Success,Lost_Freight,0.00
SHP100173,2023-02-25,Vendor_Rotterdam_NL,Store_Berlin,E_Commerce,Maersk_Inland,719,3290.55,3,7,Late,1837.12,2020.84,Failure_Invoice_Mismatch,None,183.72
SHP100174,2023-02-12,Vendor_Rotterdam_NL,Ecom_Customer_UK,E_Commerce,FedEx_Crossborder,435,4887.96,1,5,Late,2564.23,2564.23,Success,Damaged_in_Transit,0.00
SHP100175,2023-11-03,DC_Frankfurt_DE,Store_Berlin,Retail_Store,FedEx_Crossborder,123,1395.94,1,3,Late,786.42,825.74,Failure_Invoice_Mismatch,Lost_Freight,39.32
SHP100176,2023-05-28,DC_Lyon_FR,Store_Paris,E_Commerce,Maersk_Inland,77,3740.79,1,4,Late,1946.95,2141.64,Failure_ASN_Missing,None,194.69
SHP100177,2023-10-05,DC_London_UK,Store_Berlin,B2B_Wholesale,Maersk_Inland,444,1882.86,1,3,Late,1190.03,1190.03,Failure_Invoice_Mismatch,None,0.00
SHP100178,2023-11-24,US_Home_Office_NY,Store_Berlin,Retail_Store,FedEx_Crossborder,2221,466.73,5,6,Late,618.52,618.52,Success,None,0.00
SHP100179,2023-04-30,DC_London_UK,Store_London,E_Commerce,Maersk_Inland,844,3489.12,3,5,Late,1942.16,1942.16,Success,None,0.00
SHP100180,2023-06-06,DC_London_UK,Store_Berlin,B2B_Wholesale,DHL_Express,2448,4799.99,5,5,On_Time,2918.19,2918.19,Success,None,0.00
SHP100181,2023-04-09,DC_Lyon_FR,Store_Milan,Retail_Store,DHL_Express,156,3855,1,1,On_Time,2086.90,2295.59,Success,None,208.69
SHP100182,2023-11-30,DC_London_UK,Store_Berlin,E_Commerce,DHL_Express,1401,3532.82,5,8,Late,2057.56,2057.56,Success,None,0.00
SHP100183,2023-07-30,DC_Frankfurt_DE,Store_Berlin,B2B_Wholesale,DHL_Express,2488,150,5,7,Late,2731.44,3004.58,Success,None,273.14
SHP100184,2023-12-22,DC_Frankfurt_DE,Store_Paris,E_Commerce,Maersk_Inland,2250,3436.75,5,8,Late,2253.87,2479.26,Failure_Invoice_Mismatch,None,225.39
SHP100185,2023-08-05,Vendor_Rotterdam_NL,Store_Berlin,B2B_Wholesale,Maersk_Inland,1643,150,5,9,Late,2378.51,2378.51,Success,None,0.00
SHP100186,2023-04-08,US_Home_Office_NY,Store_London,Retail_Store,XPO_Logistics,1285,4112.34,5,9,Late,2410.92,2410.92,Failure_Invoice_Mismatch,Damaged_in_Transit,0.00
SHP100187,2023-05-09,DC_London_UK,Store_Paris,Retail_Store,XPO_Logistics,453,4959.82,1,2,Late,2615.86,2877.44,Failure_Invoice_Mismatch,None,261.58
SHP100188,2023-12-26,DC_London_UK,Ecom_Customer_UK,Retail_Store,XPO_Logistics,371,142.78,1,5,Late,192.04,211.24,Success,Shortage,19.20
SHP100189,2023-06-26,DC_Lyon_FR,Store_Milan,E_Commerce,XPO_Logistics,1651,735.7,5,8,Late,742.50,742.50,Failure_ASN_Missing,Shortage,0.00
SHP100190,2023-03-29,DC_Frankfurt_DE,Store_Milan,Retail_Store,Maersk_Inland,779,4515.47,3,7,Late,2466.58,2466.58,Success,None,0.00
SHP100191,2023-09-02,US_Home_Office_NY,Ecom_Customer_UK,B2B_Wholesale,XPO_Logistics,1279,4728.41,5,7,Late,2663.05,2929.36,Failure_ASN_Missing,Lost_Freight,266.31
SHP100192,2023-12-06,Vendor_Rotterdam_NL,Store_Berlin,E_Commerce,Maersk_Inland,1727,1020.58,5,9,Late,883.34,883.34,Success,Damaged_in_Transit,0.00
SHP100193,2023-05-29,DC_Frankfurt_DE,Store_London,B2B_Wholesale,DHL_Express,1281,295.25,5,5,On_Time,447.77,447.77,Failure_ASN_Missing,None,0.00
SHP100194,2023-04-23,Vendor_Rotterdam_NL,Store_London,B2B_Wholesale,Maersk_Inland,171,3171.43,1,4,Late,1753.37,1928.70,Failure_ASN_Missing,None,175.33
SHP100195,2023-10-25,DC_Lyon_FR,Store_London,B2B_Wholesale,XPO_Logistics,1092,150,5,7,Late,2458.62,2458.62,Success,Shortage,0.00
SHP100196,2023-03-25,DC_Lyon_FR,Store_London,E_Commerce,Maersk_Inland,1326,2281.46,5,8,Late,1451.63,1451.63,Success,None,0.00
SHP100197,2023-10-31,DC_London_UK,Store_Berlin,B2B_Wholesale,Maersk_Inland,558,4253.31,3,7,Late,2341.35,2341.35,Success,None,0.00
SHP100198,2023-04-09,US_Home_Office_NY,Ecom_Customer_UK,B2B_Wholesale,FedEx_Crossborder,1685,3821.26,5,6,Late,2227.38,2338.75,Success,Lost_Freight,111.37
SHP100199,2023-02-25,Vendor_Rotterdam_NL,Ecom_Customer_UK,Retail_Store,XPO_Logistics,531,3585.26,3,7,Late,1935.28,1935.28,Success,None,0.00
SHP100200,2024-01-01,DC_Frankfurt_DE,Store_Milan,E_Commerce,DPD_Local,352,3078.78,1,1,On_Time,1775.19,1863.95,Failure_Invoice_Mismatch,None,88.76
SHP100201,2023-07-31,DC_Lyon_FR,Ecom_Customer_UK,Retail_Store,DPD_Local,1719,150,5,8,Late,822.29,822.29,Success,None,0.00
SHP100202,2023-05-05,DC_London_UK,Store_London,B2B_Wholesale,Maersk_Inland,377,3964.87,1,3,Late,2143.99,2143.99,Failure_Invoice_Mismatch,None,0.00
SHP100203,2023-03-17,DC_London_UK,Store_Berlin,B2B_Wholesale,FedEx_Crossborder,1628,4387.41,5,8,Late,2499.90,2624.90,Failure_ASN_Missing,Shortage,125.00
SHP100204,2023-04-08,Vendor_Rotterdam_NL,Store_Paris,E_Commerce,Maersk_Inland,1737,4219.69,5,10,Late,2547.39,2802.13,Success,Damaged_in_Transit,254.74
SHP100205,2023-07-06,DC_Lyon_FR,Store_Paris,B2B_Wholesale,XPO_Logistics,2127,1652.64,5,8,Late,1257.37,1383.11,Success,None,125.74
SHP100206,2023-01-28,US_Home_Office_NY,Store_London,E_Commerce,DHL_Express,220,2725.47,1,4,Late,1556.74,1712.41,Failure_ASN_Missing,Lost_Freight,155.67
SHP100207,2023-12-29,DC_Lyon_FR,Ecom_Customer_EU,B2B_Wholesale,Maersk_Inland,1549,501.22,5,10,Late,633.96,697.35,Failure_Invoice_Mismatch,Damaged_in_Transit,63.39
SHP100208,2023-11-11,Vendor_Rotterdam_NL,Store_Milan,B2B_Wholesale,DPD_Local,1473,3583.7,5,8,Late,2157.80,2373.58,Failure_ASN_Missing,Lost_Freight,215.78
SHP100209,2023-11-24,Vendor_Rotterdam_NL,Store_Paris,Retail_Store,Maersk_Inland,582,4380.6,3,8,Late,2433.60,2433.60,Failure_Invoice_Mismatch,None,0.00
SHP100210,2023-02-21,DC_Lyon_FR,Ecom_Customer_EU,B2B_Wholesale,XPO_Logistics,1144,3546.28,5,8,Late,2057.74,2057.74,Success,Shortage,0.00
SHP100211,2023-01-10,Vendor_Rotterdam_NL,Store_London,Retail_Store,XPO_Logistics,1084,1172.89,5,9,Late,849.05,933.95,Success,Lost_Freight,84.90
SHP100212,2023-02-16,DC_Lyon_FR,Store_Berlin,Retail_Store,DPD_Local,2060,667.44,5,5,On_Time,834.72,834.72,Success,None,0.00
SHP100213,2023-07-15,DC_Frankfurt_DE,Store_Paris,B2B_Wholesale,DPD_Local,83,3115.35,1,1,On_Time,1714.13,1714.13,Success,None,0.00
SHP100214,2023-07-16,DC_Lyon_FR,Store_London,Retail_Store,FedEx_Crossborder,2064,4295.63,5,8,Late,2651.42,2651.42,Success,None,0.00
SHP100215,2023-12-29,DC_Lyon_FR,Store_Paris,E_Commerce,FedEx_Crossborder,1196,3383.1,5,8,Late,2017.95,2017.95,Failure_ASN_Missing,Shortage,0.00
SHP100216,2023-02-11,Vendor_Rotterdam_NL,Store_Berlin,Retail_Store,DHL_Express,1488,1866.09,5,5,On_Time,1331.25,1464.37,Success,None,133.12
SHP100217,2023-03-22,Vendor_Rotterdam_NL,Ecom_Customer_UK,E_Commerce,DPD_Local,1996,1412.96,5,7,Late,1056.88,1056.88,Success,Shortage,0.00
SHP100218,2023-04-21,DC_London_UK,Ecom_Customer_UK,Retail_Store,FedEx_Crossborder,606,4711.29,3,7,Late,2587.55,2716.92,Success,None,129.37
SHP100219,2023-10-16,DC_London_UK,Store_Berlin,Retail_Store,DPD_Local,1981,824.11,5,7,Late,781.20,859.32,Failure_ASN_Missing,None,78.12
SHP100220,2023-10-25,DC_Frankfurt_DE,Store_Berlin,Retail_Store,Maersk_Inland,884,1768.69,3,8,Late,1095.95,1150.74,Success,Lost_Freight,54.79
SHP100221,2023-07-29,DC_London_UK,Ecom_Customer_UK,B2B_Wholesale,FedEx_Crossborder,1965,1124.12,5,6,Late,1028.81,1028.81,Failure_Invoice_Mismatch,Lost_Freight,0.00
SHP100222,2023-11-11,DC_Lyon_FR,Store_Berlin,B2B_Wholesale,DPD_Local,873,1679.42,3,6,Late,1089.66,1198.62,Success,None,108.96
SHP100223,2023-05-04,Vendor_Rotterdam_NL,Store_Berlin,B2B_Wholesale,DPD_Local,2019,3921.93,5,7,Late,2361.81,2361.81,Failure_Invoice_Mismatch,Shortage,0.00
SHP100224,2023-10-03,DC_London_UK,Store_Berlin,B2B_Wholesale,Maersk_Inland,1485,239.97,5,9,Late,524.74,550.97,Success,None,26.23
SHP100225,2023-02-20,DC_London_UK,Ecom_Customer_UK,E_Commerce,DPD_Local,135,463.15,1,1,On_Time,313.82,329.51,Failure_ASN_Missing,None,15.69
SHP100226,2023-06-24,DC_Frankfurt_DE,Ecom_Customer_UK,Retail_Store,FedEx_Crossborder,708,2356.27,3,7,Late,1374.34,1511.77,Failure_Invoice_Mismatch,Shortage,137.43
SHP100227,2023-11-02,DC_Frankfurt_DE,Ecom_Customer_EU,B2B_Wholesale,FedEx_Crossborder,1066,3534.29,5,8,Late,2116.05,2327.65,Failure_ASN_Missing,Shortage,211.60
SHP100228,2023-02-24,DC_Lyon_FR,Store_Paris,Retail_Store,DHL_Express,1534,1996.67,5,8,Late,1390.43,1390.43,Failure_Invoice_Mismatch,None,0.00
SHP100229,2023-12-17,Vendor_Rotterdam_NL,Ecom_Customer_UK,B2B_Wholesale,Unknown_Carrier,1959,4203.15,5,8,Late,2504.43,2629.65,Failure_Invoice_Mismatch,None,125.22
SHP100230,2023-07-08,DC_Frankfurt_DE,Store_Paris,E_Commerce,FedEx_Crossborder,88,29.87,1,2,Late,189.13,208.05,Success,Shortage,18.92
SHP100231,2023-06-05,DC_London_UK,Ecom_Customer_UK,Retail_Store,DHL_Express,2092,1780.64,5,6,Late,1393.12,1393.12,Failure_ASN_Missing,Damaged_in_Transit,0.00
SHP100232,2023-08-26,Vendor_Rotterdam_NL,Store_Milan,E_Commerce,DHL_Express,699,892,3,6,Late,653.85,719.23,Success,None,65.38
SHP100233,2023-12-24,Vendor_Rotterdam_NL,Store_Paris,B2B_Wholesale,Maersk_Inland,1056,4881.49,5,10,Late,2668.15,2668.15,Failure_Invoice_Mismatch,Lost_Freight,0.00
SHP100234,2023-05-12,DC_London_UK,Store_Berlin,Retail_Store,Unknown_Carrier,2487,4584.57,5,7,Late,2844.33,2844.33,Success,Shortage,0.00
SHP100235,2023-05-29,DC_Frankfurt_DE,Store_Milan,B2B_Wholesale,DHL_Express,231,4469.19,1,1,On_Time,2401.24,2401.24,Success,None,0.00
SHP100236,2023-10-24,DC_London_UK,Ecom_Customer_EU,B2B_Wholesale,XPO_Logistics,403,3760.67,1,3,Late,2113.79,2113.79,Success,Lost_Freight,0.00
SHP100237,2023-11-21,Vendor_Rotterdam_NL,Ecom_Customer_UK,E_Commerce,DHL_Express,1943,381.89,5,6,Late,605.39,665.93,Failure_ASN_Missing,None,60.54
SHP100238,2023-10-15,US_Home_Office_NY,Ecom_Customer_UK,E_Commerce,XPO_Logistics,1732,4354.49,5,8,Late,2545.05,2545.05,Success,None,0.00
SHP100239,2023-02-17,US_Home_Office_NY,Ecom_Customer_EU,Retail_Store,DPD_Local,695,189.09,3,5,Late,267.79,267.79,Failure_Invoice_Mismatch,Damaged_in_Transit,0.00
SHP100240,2023-07-27,DC_Lyon_FR,Store_Milan,B2B_Wholesale,XPO_Logistics,2101,2808.33,5,6,Late,1800.32,1890.33,Success,Shortage,90.01
SHP100241,2023-04-12,DC_London_UK,Store_London,Retail_Store,XPO_Logistics,2460,4885.97,5,8,Late,2995.99,3145.79,Success,Shortage,149.80
SHP100242,2023-04-07,DC_London_UK,Store_Berlin,Retail_Store,DPD_Local,1452,206.86,5,8,Late,424.23,466.65,Success,None,42.42
SHP100243,2023-04-03,DC_Lyon_FR,Store_Paris,B2B_Wholesale,DPD_Local,1255,909.84,5,6,Late,701.17,736.23,Failure_ASN_Missing,None,35.06
SHP100244,2023-04-04,DC_Lyon_FR,Store_Milan,E_Commerce,DHL_Express,1112,4553.35,5,7,Late,2564.47,2820.92,Success,None,256.45
SHP100245,2023-12-18,DC_Lyon_FR,Store_Paris,Retail_Store,DHL_Express,525,2532.9,3,4,Late,1540.20,1694.22,Success,Lost_Freight,154.02
SHP100246,2023-07-20,Vendor_Rotterdam_NL,Ecom_Customer_UK,Retail_Store,XPO_Logistics,1981,1165.47,5,8,Late,1039.88,1039.88,Success,None,0.00
SHP100247,2023-03-13,DC_London_UK,Store_London,Retail_Store,FedEx_Crossborder,1672,150,5,6,Late,1281.68,1281.68,Failure_ASN_Missing,Shortage,0.00
SHP100248,2023-09-11,Vendor_Rotterdam_NL,Ecom_Customer_EU,B2B_Wholesale,XPO_Logistics,570,3060.54,3,5,Late,1790.77,1969.85,Success,Shortage,179.08
SHP100249,2023-11-30,DC_Lyon_FR,Store_London,Retail_Store,FedEx_Crossborder,983,4777,3,4,Late,2721.95,2721.95,Success,Damaged_in_Transit,0.00
SHP100250,2023-09-08,DC_London_UK,Store_Paris,E_Commerce,DPD_Local,2438,150,5,5,On_Time,938.34,938.34,Failure_ASN_Missing,None,0.00
SHP100251,2023-11-07,Vendor_Rotterdam_NL,Ecom_Customer_EU,E_Commerce,XPO_Logistics,272,1489.12,1,2,Late,877.36,965.10,Success,Shortage,87.74
SHP100252,2023-11-12,Vendor_Rotterdam_NL,Ecom_Customer_UK,B2B_Wholesale,DHL_Express,1067,2395.02,5,8,Late,1505.56,1505.56,Success,None,0.00
SHP100253,2023-10-24,DC_Lyon_FR,Ecom_Customer_EU,B2B_Wholesale,Maersk_Inland,508,3921.25,3,8,Late,2189.82,2189.82,Success,None,0.00
SHP100254,2023-12-30,DC_London_UK,Ecom_Customer_EU,B2B_Wholesale,DHL_Express,945,3944.81,3,5,Late,2279.15,2507.07,Success,Lost_Freight,227.92
SHP100255,2023-05-25,DC_Lyon_FR,Store_London,B2B_Wholesale,Maersk_Inland,1565,2584.47,5,7,Late,1708.98,1794.43,Success,None,85.45
SHP100256,2023-06-27,DC_London_UK,Store_Berlin,E_Commerce,FedEx_Crossborder,1690,289.15,5,6,Late,502.08,552.28,Failure_ASN_Missing,Shortage,50.20
SHP100257,2023-07-23,US_Home_Office_NY,Ecom_Customer_UK,B2B_Wholesale,DHL_Express,2318,3954.25,5,6,Late,2385.83,2385.83,Success,None,0.00
SHP100258,2023-07-03,DC_Frankfurt_DE,Store_Milan,Retail_Store,XPO_Logistics,487,4237.99,1,3,Late,2300.04,2415.05,Success,Lost_Freight,115.01
SHP100259,2023-06-27,DC_Frankfurt_DE,Store_Milan,E_Commerce,Maersk_Inland,2448,3504.6,5,10,Late,2298.50,2528.35,Failure_ASN_Missing,None,229.85
SHP100260,2023-10-21,DC_Frankfurt_DE,Store_Milan,B2B_Wholesale,DPD_Local,2019,150,5,5,On_Time,2794.18,3073.60,Failure_Invoice_Mismatch,None,279.42
SHP100261,2023-06-12,DC_Lyon_FR,Store_Berlin,B2B_Wholesale,XPO_Logistics,2127,2765.21,5,7,Late,1843.65,1843.65,Failure_ASN_Missing,None,0.00
SHP100262,2023-09-14,US_Home_Office_NY,Ecom_Customer_UK,Retail_Store,DHL_Express,1868,2969.98,5,7,Late,1862.19,1955.30,Success,Lost_Freight,93.11
SHP100263,2023-06-10,DC_London_UK,Ecom_Customer_EU,E_Commerce,DPD_Local,1385,4682.83,5,5,On_Time,2736.17,2736.17,Failure_Invoice_Mismatch,None,0.00
SHP100264,2023-01-11,Vendor_Rotterdam_NL,Store_Paris,E_Commerce,DPD_Local,141,150,1,2,Late,2664.38,2930.82,Success,None,266.44
SHP100265,2023-07-13,DC_London_UK,Store_Paris,Retail_Store,DPD_Local,1718,4159.95,5,5,On_Time,2502.68,2502.68,Success,None,0.00
SHP100266,2023-03-11,Vendor_Rotterdam_NL,Ecom_Customer_UK,Retail_Store,DPD_Local,1291,176.3,5,5,On_Time,407.80,428.19,Success,None,20.39
SHP100267,2023-01-06,DC_London_UK,Store_Berlin,B2B_Wholesale,XPO_Logistics,503,2672.26,3,7,Late,1481.58,1481.58,Success,None,0.00
SHP100268,2023-06-19,US_Home_Office_NY,Ecom_Customer_UK,Retail_Store,FedEx_Crossborder,1746,4977.98,5,6,Late,2853.89,2853.89,Failure_ASN_Missing,Damaged_in_Transit,0.00
SHP100269,2023-11-13,Vendor_Rotterdam_NL,Store_Paris,Retail_Store,DPD_Local,1923,3765.48,5,8,Late,2301.19,2301.19,Failure_Invoice_Mismatch,Shortage,0.00
SHP100270,2023-11-17,DC_Lyon_FR,Ecom_Customer_UK,Retail_Store,FedEx_Crossborder,2205,2805.13,5,7,Late,1871.32,2058.45,Failure_Invoice_Mismatch,None,187.13
SHP100271,2023-04-25,DC_London_UK,Store_Milan,E_Commerce,FedEx_Crossborder,463,3418.69,1,2,Late,1900.80,1900.80,Failure_Invoice_Mismatch,None,0.00
SHP100272,2023-05-15,DC_London_UK,Ecom_Customer_EU,E_Commerce,DHL_Express,127,2886.36,1,4,Late,1634.23,1634.23,Success,None,0.00
SHP100273,2023-11-06,Vendor_Rotterdam_NL,Ecom_Customer_UK,Retail_Store,XPO_Logistics,1842,2996.5,5,6,Late,1826.55,2009.21,Success,None,182.66
SHP100274,2023-12-27,DC_Lyon_FR,Ecom_Customer_EU,Retail_Store,DPD_Local,710,4537.16,3,3,On_Time,2445.08,2567.34,Failure_ASN_Missing,None,122.26
SHP100275,2023-04-14,DC_Lyon_FR,Store_London,E_Commerce,Maersk_Inland,963,3758.14,3,5,Late,2132.52,2132.52,Success,Lost_Freight,0.00
SHP100276,2023-11-10,US_Home_Office_NY,Ecom_Customer_UK,Retail_Store,DHL_Express,285,1685.48,1,1,On_Time,1040.49,1040.49,Failure_ASN_Missing,None,0.00
SHP100277,2023-06-15,DC_Lyon_FR,Store_Paris,Retail_Store,XPO_Logistics,321,372.27,1,3,Late,358.29,358.29,Success,Shortage,0.00
SHP100278,2023-07-28,DC_Lyon_FR,Store_Paris,E_Commerce,XPO_Logistics,1718,4287.49,5,9,Late,2509.45,2509.45,Success,Lost_Freight,0.00
SHP100279,2023-03-05,DC_Lyon_FR,Ecom_Customer_EU,Retail_Store,Unknown_Carrier,2177,49.54,5,6,Late,443.32,443.32,Success,Damaged_in_Transit,0.00
SHP100280,2023-06-28,DC_Frankfurt_DE,Store_Paris,Retail_Store,DHL_Express,2234,1341.15,5,7,Late,1190.67,1250.21,Success,None,59.54
SHP100281,2023-04-08,US_Home_Office_NY,Store_Milan,E_Commerce,XPO_Logistics,538,3381.4,3,7,Late,1957.40,1957.40,Success,Damaged_in_Transit,0.00
SHP100282,2023-10-27,DC_London_UK,Store_Paris,B2B_Wholesale,DHL_Express,132,2209.07,1,3,Late,1279.34,1343.30,Success,Lost_Freight,63.96
SHP100283,2023-07-17,Vendor_Rotterdam_NL,Store_London,Retail_Store,XPO_Logistics,449,1738.38,1,2,Late,1131.54,1244.69,Failure_ASN_Missing,None,113.15
SHP100284,2023-02-06,DC_London_UK,Ecom_Customer_UK,Retail_Store,FedEx_Crossborder,863,1751.11,3,4,Late,1096.00,1096.00,Failure_Invoice_Mismatch,Damaged_in_Transit,0.00
SHP100285,2023-05-24,US_Home_Office_NY,Store_Berlin,Retail_Store,DPD_Local,1933,150,5,6,Late,2649.92,2649.92,Failure_ASN_Missing,Damaged_in_Transit,0.00
SHP100286,2023-09-09,Vendor_Rotterdam_NL,Store_Paris,B2B_Wholesale,DPD_Local,951,4054.36,3,5,Late,2293.83,2293.83,Failure_ASN_Missing,Lost_Freight,0.00
SHP100287,2023-01-18,US_Home_Office_NY,Ecom_Customer_UK,E_Commerce,XPO_Logistics,2339,1377.5,5,8,Late,1199.60,1259.58,Success,Lost_Freight,59.98
SHP100288,2023-01-28,DC_Lyon_FR,Store_Milan,E_Commerce,Unknown_Carrier,284,4905.4,1,5,Late,2685.30,2953.83,Success,Lost_Freight,268.53
SHP100289,2023-12-13,Vendor_Rotterdam_NL,Ecom_Customer_UK,E_Commerce,DHL_Express,1647,3194.9,5,5,On_Time,1896.50,1896.50,Success,None,0.00
SHP100290,2023-01-30,DC_Lyon_FR,Store_Paris,E_Commerce,FedEx_Crossborder,1963,3341.13,5,8,Late,2053.02,2053.02,Failure_Invoice_Mismatch,None,0.00
SHP100291,2023-05-20,DC_London_UK,Store_Paris,Retail_Store,DHL_Express,2416,3471.81,5,8,Late,2202.31,2312.42,Success,None,110.11
SHP100292,2023-08-19,DC_London_UK,Ecom_Customer_EU,B2B_Wholesale,DHL_Express,2052,4887.15,5,6,Late,2870.38,3013.90,Success,None,143.52
SHP100293,2023-11-17,Vendor_Rotterdam_NL,Store_Paris,B2B_Wholesale,Maersk_Inland,1421,3957.77,5,8,Late,2284.04,2284.04,Failure_ASN_Missing,Lost_Freight,0.00
SHP100294,2023-05-05,Vendor_Rotterdam_NL,Store_London,E_Commerce,Maersk_Inland,1717,4875.27,5,9,Late,2798.18,2938.09,Failure_ASN_Missing,Shortage,139.91
SHP100295,2023-04-26,US_Home_Office_NY,Ecom_Customer_UK,E_Commerce,DPD_Local,1843,3671.57,5,5,On_Time,2236.23,2348.05,Failure_Invoice_Mismatch,None,111.82
SHP100296,2023-11-23,US_Home_Office_NY,Ecom_Customer_EU,Retail_Store,FedEx_Crossborder,921,4391.16,3,4,Late,2412.73,2412.73,Success,None,0.00
SHP100297,2023-07-11,DC_Lyon_FR,Store_Berlin,E_Commerce,FedEx_Crossborder,1057,4716.97,5,6,Late,2715.03,2715.03,Failure_Invoice_Mismatch,None,0.00
SHP100298,2023-09-22,Vendor_Rotterdam_NL,Store_London,E_Commerce,DPD_Local,1343,3140.69,5,5,On_Time,1876.79,1876.79,Success,None,0.00
SHP100299,2023-10-25,DC_London_UK,Store_Berlin,E_Commerce,FedEx_Crossborder,1021,150,5,9,Late,673.15,673.15,Failure_Invoice_Mismatch,None,0.00
SHP100300,2023-07-23,US_Home_Office_NY,Store_Paris,E_Commerce,Maersk_Inland,1422,2530.28,5,9,Late,1580.44,1738.49,Success,None,158.05
SHP100301,2023-11-20,US_Home_Office_NY,Store_Berlin,B2B_Wholesale,Maersk_Inland,715,2504.71,3,5,Late,1447.61,1519.99,Success,Shortage,72.38
SHP100302,2023-12-18,DC_London_UK,Store_Berlin,E_Commerce,Maersk_Inland,295,1751.71,1,5,Late,1047.11,1099.46,Failure_ASN_Missing,None,52.35
SHP100303,2023-07-16,US_Home_Office_NY,Store_London,E_Commerce,DHL_Express,300,1819.04,1,1,On_Time,1037.52,1037.52,Failure_Invoice_Mismatch,None,0.00
SHP100304,2023-07-05,DC_Lyon_FR,Store_London,Retail_Store,XPO_Logistics,2208,2403.65,5,8,Late,1587.03,1587.03,Failure_Invoice_Mismatch,None,0.00
SHP100305,2023-11-25,Vendor_Rotterdam_NL,Ecom_Customer_UK,E_Commerce,DPD_Local,997,2027.91,3,4,Late,1289.51,1289.51,Success,Lost_Freight,0.00
SHP100306,2023-06-20,DC_London_UK,Store_Berlin,E_Commerce,DHL_Express,1832,3468.43,5,8,Late,2170.02,2278.52,Success,None,108.50
SHP100307,2023-12-29,Vendor_Rotterdam_NL,Store_London,Retail_Store,FedEx_Crossborder,2471,340.92,5,7,Late,708.11,708.11,Success,None,0.00
SHP100308,2023-09-18,US_Home_Office_NY,Ecom_Customer_UK,Retail_Store,XPO_Logistics,171,1847.15,1,2,Late,1036.22,1088.03,Failure_ASN_Missing,None,51.81
SHP100309,2023-09-01,US_Home_Office_NY,Store_Berlin,E_Commerce,FedEx_Crossborder,1635,4472.93,5,7,Late,2616.71,2878.38,Failure_Invoice_Mismatch,None,261.67
SHP100310,2023-10-02,DC_London_UK,Store_Berlin,Retail_Store,DPD_Local,575,2167.18,3,5,Late,1294.84,1359.58,Failure_Invoice_Mismatch,None,64.74
SHP100311,2023-04-08,DC_Lyon_FR,Ecom_Customer_EU,Retail_Store,XPO_Logistics,229,384.97,1,3,Late,277.84,291.73,Failure_ASN_Missing,None,13.89
SHP100312,2023-04-11,DC_Frankfurt_DE,Store_Paris,E_Commerce,Maersk_Inland,1324,949.8,5,7,Late,830.50,913.55,Failure_ASN_Missing,Shortage,83.05
SHP100313,2023-07-15,DC_London_UK,Store_London,B2B_Wholesale,Unknown_Carrier,158,3971.2,1,5,Late,2075.30,2075.30,Success,Lost_Freight,0.00
SHP100314,2023-09-14,DC_Frankfurt_DE,Store_Milan,Retail_Store,XPO_Logistics,1726,2600.58,5,7,Late,1756.19,1756.19,Failure_Invoice_Mismatch,Lost_Freight,0.00
SHP100315,2023-03-17,DC_Frankfurt_DE,Ecom_Customer_EU,E_Commerce,Maersk_Inland,1195,1094.94,5,7,Late,788.72,867.59,Success,None,78.87
SHP100316,2023-05-05,DC_Lyon_FR,Store_London,Retail_Store,Maersk_Inland,913,2370.41,3,5,Late,1451.16,1451.16,Failure_Invoice_Mismatch,None,0.00
SHP100317,2023-11-16,DC_Frankfurt_DE,Ecom_Customer_EU,B2B_Wholesale,Maersk_Inland,149,66.09,1,3,Late,122.39,122.39,Failure_Invoice_Mismatch,Lost_Freight,0.00
SHP100318,2023-11-14,DC_Frankfurt_DE,Store_Paris,B2B_Wholesale,DPD_Local,1013,538.24,5,8,Late,593.07,593.07,Failure_Invoice_Mismatch,Shortage,0.00
SHP100319,2023-07-08,DC_Lyon_FR,Ecom_Customer_EU,E_Commerce,XPO_Logistics,1431,1416.4,5,6,Late,1061.85,1061.85,Success,Damaged_in_Transit,0.00
SHP100320,2023-07-25,DC_Frankfurt_DE,Ecom_Customer_EU,B2B_Wholesale,XPO_Logistics,828,2028.44,3,6,Late,1199.42,1199.42,Failure_ASN_Missing,None,0.00
SHP100321,2023-03-03,DC_Frankfurt_DE,Ecom_Customer_UK,E_Commerce,DHL_Express,573,299.87,3,5,Late,373.88,392.58,Failure_ASN_Missing,None,18.70
SHP100322,2023-04-10,DC_Frankfurt_DE,Store_London,E_Commerce,Unknown_Carrier,242,1882.65,1,3,Late,1082.62,1136.76,Success,Damaged_in_Transit,54.14
SHP100323,2023-07-21,DC_London_UK,Store_Berlin,Retail_Store,FedEx_Crossborder,1137,572.04,5,9,Late,541.57,541.57,Failure_ASN_Missing,None,0.00
SHP100324,2023-11-09,DC_London_UK,Store_Milan,E_Commerce,DHL_Express,737,3977.9,3,5,Late,2204.50,2204.50,Failure_ASN_Missing,None,0.00
SHP100325,2023-03-21,DC_London_UK,Ecom_Customer_UK,Retail_Store,Unknown_Carrier,2338,2668.27,5,6,Late,1781.83,1781.83,Success,Lost_Freight,0.00
SHP100326,2023-12-13,DC_Lyon_FR,Store_London,Retail_Store,Maersk_Inland,673,1418.26,3,7,Late,959.08,1007.04,Success,None,47.96
SHP100327,2023-04-12,US_Home_Office_NY,Ecom_Customer_UK,Retail_Store,XPO_Logistics,2123,1172.5,5,9,Late,992.70,992.70,Success,None,0.00
SHP100328,2024-01-01,DC_Frankfurt_DE,Store_Berlin,Retail_Store,DHL_Express,904,150,3,3,On_Time,560.12,560.12,Success,None,0.00
SHP100329,2023-03-02,DC_Frankfurt_DE,Ecom_Customer_EU,E_Commerce,DPD_Local,117,4036.46,1,1,On_Time,2213.78,2213.78,Failure_ASN_Missing,None,0.00
SHP100330,2023-03-18,DC_Lyon_FR,Store_Milan,B2B_Wholesale,Maersk_Inland,1788,1682.3,5,10,Late,1261.35,1324.42,Failure_Invoice_Mismatch,Damaged_in_Transit,63.07
SHP100331,2023-03-03,DC_Frankfurt_DE,Store_Berlin,E_Commerce,DPD_Local,2015,4063.89,5,6,Late,2430.20,2673.21,Success,None,243.01
SHP100332,2023-07-14,DC_London_UK,Store_Milan,B2B_Wholesale,Maersk_Inland,1693,4996.57,5,7,Late,2901.23,2901.23,Success,None,0.00
SHP100333,2023-04-06,US_Home_Office_NY,Ecom_Customer_UK,E_Commerce,DHL_Express,295,150,1,1,On_Time,1643.58,1807.94,Success,None,164.36
SHP100334,2023-03-09,Vendor_Rotterdam_NL,Ecom_Customer_EU,Retail_Store,XPO_Logistics,1959,150,5,6,Late,911.84,957.44,Failure_Invoice_Mismatch,None,45.60
SHP100335,2023-10-26,DC_Frankfurt_DE,Ecom_Customer_EU,Retail_Store,DPD_Local,286,3223.85,1,4,Late,1787.82,1787.82,Failure_ASN_Missing,Shortage,0.00
SHP100336,2023-03-13,DC_London_UK,Store_London,E_Commerce,XPO_Logistics,646,2164.37,3,4,Late,1249.09,1373.99,Success,Shortage,124.90
SHP100337,2023-11-28,Vendor_Rotterdam_NL,Store_Milan,B2B_Wholesale,Unknown_Carrier,2072,3218.02,5,8,Late,2038.81,2038.81,Success,None,0.00
SHP100338,2023-03-17,US_Home_Office_NY,Store_Berlin,E_Commerce,XPO_Logistics,436,3933.72,1,3,Late,2201.26,2311.32,Success,None,110.06
SHP100339,2023-03-25,Vendor_Rotterdam_NL,Store_Milan,E_Commerce,XPO_Logistics,2249,3378.35,5,8,Late,2165.53,2165.53,Failure_ASN_Missing,None,0.00
SHP100340,2023-01-27,DC_London_UK,Ecom_Customer_UK,B2B_Wholesale,XPO_Logistics,2242,3238.76,5,6,Late,2143.68,2358.05,Success,Damaged_in_Transit,214.37
SHP100341,2023-12-12,Vendor_Rotterdam_NL,Ecom_Customer_EU,Retail_Store,XPO_Logistics,1691,3116.28,5,8,Late,1877.79,1877.79,Success,None,0.00
SHP100342,2023-05-15,DC_Lyon_FR,Ecom_Customer_UK,Retail_Store,XPO_Logistics,1907,1017.34,5,9,Late,954.72,954.72,Failure_ASN_Missing,None,0.00
SHP100343,2023-06-28,Vendor_Rotterdam_NL,Ecom_Customer_UK,Retail_Store,FedEx_Crossborder,1067,3890.41,5,8,Late,2216.26,2216.26,Failure_Invoice_Mismatch,None,0.00
SHP100344,2023-10-25,DC_Frankfurt_DE,Store_London,B2B_Wholesale,XPO_Logistics,309,2132.97,1,2,Late,1277.84,1277.84,Success,None,0.00
SHP100345,2023-02-18,DC_Frankfurt_DE,Ecom_Customer_UK,Retail_Store,DPD_Local,568,3227.01,3,6,Late,1846.71,1939.04,Success,Shortage,92.33
SHP100346,2023-11-20,DC_Lyon_FR,Store_London,Retail_Store,FedEx_Crossborder,764,1019.41,3,5,Late,772.31,772.31,Failure_ASN_Missing,None,0.00
SHP100347,2023-03-30,DC_London_UK,Store_Paris,Retail_Store,DPD_Local,2334,3464.82,5,5,On_Time,2222.51,2333.64,Success,None,111.13
SHP100348,2023-12-03,DC_Frankfurt_DE,Store_Milan,B2B_Wholesale,Maersk_Inland,1932,2029.78,5,7,Late,1489.69,1489.69,Failure_ASN_Missing,Damaged_in_Transit,0.00
SHP100349,2023-06-16,US_Home_Office_NY,Ecom_Customer_EU,B2B_Wholesale,DPD_Local,1007,1062.83,5,6,Late,738.46,812.31,Success,Shortage,73.85
SHP100350,2023-11-01,DC_Frankfurt_DE,Ecom_Customer_EU,Retail_Store,FedEx_Crossborder,2316,448.28,5,9,Late,677.54,745.29,Failure_Invoice_Mismatch,Lost_Freight,67.75
SHP100351,2023-08-18,DC_Frankfurt_DE,Store_Berlin,E_Commerce,Maersk_Inland,665,4689.93,3,5,Late,2581.72,2839.89,Success,None,258.17
SHP100352,2023-08-15,DC_London_UK,Ecom_Customer_EU,E_Commerce,Maersk_Inland,568,34.27,3,5,Late,217.33,217.33,Success,Damaged_in_Transit,0.00
SHP100353,2023-03-28,Vendor_Rotterdam_NL,Store_London,Retail_Store,XPO_Logistics,2034,433.85,5,7,Late,579.02,579.02,Failure_Invoice_Mismatch,None,0.00
SHP100354,2023-05-30,DC_Frankfurt_DE,Ecom_Customer_EU,B2B_Wholesale,DPD_Local,656,432.92,3,6,Late,403.86,403.86,Failure_Invoice_Mismatch,None,0.00
SHP100355,2023-01-31,DC_Lyon_FR,Store_London,Retail_Store,XPO_Logistics,762,4695.1,3,4,Late,2537.85,2791.64,Failure_ASN_Missing,None,253.79
SHP100356,2023-02-07,Vendor_Rotterdam_NL,Ecom_Customer_EU,Retail_Store,XPO_Logistics,620,4827.02,3,4,Late,2698.51,2968.36,Success,Shortage,269.85
SHP100357,2023-08-31,US_Home_Office_NY,Store_Berlin,E_Commerce,XPO_Logistics,236,4876.44,1,2,Late,2558.62,2814.48,Failure_Invoice_Mismatch,Lost_Freight,255.86
SHP100358,2023-12-02,DC_London_UK,Store_Milan,E_Commerce,XPO_Logistics,1943,3326.1,5,9,Late,2107.50,2212.87,Success,Damaged_in_Transit,105.37
SHP100359,2023-11-22,US_Home_Office_NY,Ecom_Customer_UK,Retail_Store,FedEx_Crossborder,1600,4764.82,5,6,Late,2680.41,2948.45,Success,None,268.04
SHP100360,2023-02-13,Vendor_Rotterdam_NL,Store_Milan,Retail_Store,DPD_Local,725,1770.03,3,3,On_Time,1105.76,1105.76,Success,None,0.00
SHP100361,2023-01-31,Vendor_Rotterdam_NL,Store_London,B2B_Wholesale,FedEx_Crossborder,1857,4707.6,5,6,Late,2687.35,2821.72,Failure_Invoice_Mismatch,None,134.37
SHP100362,2023-02-28,Vendor_Rotterdam_NL,Ecom_Customer_UK,E_Commerce,FedEx_Crossborder,1267,959.95,5,6,Late,812.02,812.02,Success,Damaged_in_Transit,0.00
SHP100363,2023-12-22,US_Home_Office_NY,Store_Paris,Retail_Store,Maersk_Inland,495,1099.38,1,3,Late,677.94,677.94,Success,Shortage,0.00
SHP100364,2023-07-19,Vendor_Rotterdam_NL,Store_Berlin,E_Commerce,XPO_Logistics,767,3386.28,3,5,Late,1954.19,2051.90,Success,None,97.71
SHP100365,2023-07-10,US_Home_Office_NY,Store_Milan,E_Commerce,DPD_Local,928,4627.16,3,3,On_Time,2538.78,2538.78,Failure_Invoice_Mismatch,None,0.00
SHP100366,2023-04-30,Vendor_Rotterdam_NL,Ecom_Customer_UK,Retail_Store,DPD_Local,2257,1183.64,5,7,Late,990.37,990.37,Success,None,0.00
SHP100367,2023-08-20,DC_Lyon_FR,Store_Berlin,E_Commerce,DPD_Local,255,4588.8,1,1,On_Time,2457.65,2457.65,Failure_ASN_Missing,None,0.00
SHP100368,2023-11-10,Vendor_Rotterdam_NL,Store_Milan,Retail_Store,DPD_Local,173,4408.19,1,1,On_Time,2395.05,2395.05,Success,None,0.00
SHP100369,2023-09-28,US_Home_Office_NY,Store_London,Retail_Store,XPO_Logistics,1283,275.36,5,6,Late,477.13,477.13,Failure_ASN_Missing,Lost_Freight,0.00
SHP100370,2023-05-16,DC_Frankfurt_DE,Store_London,B2B_Wholesale,Maersk_Inland,1836,4855.59,5,9,Late,2862.19,2862.19,Success,None,0.00
SHP100371,2023-02-09,Vendor_Rotterdam_NL,Store_London,E_Commerce,FedEx_Crossborder,458,3958.25,1,3,Late,2217.82,2217.82,Success,None,0.00
SHP100372,2023-04-23,DC_Frankfurt_DE,Store_Paris,B2B_Wholesale,Maersk_Inland,1514,2783.74,5,9,Late,1800.97,1800.97,Failure_ASN_Missing,None,0.00
SHP100373,2023-01-28,DC_Lyon_FR,Ecom_Customer_EU,E_Commerce,Maersk_Inland,1736,998.42,5,10,Late,828.61,911.47,Success,None,82.86
SHP100374,2023-08-06,DC_London_UK,Store_London,B2B_Wholesale,XPO_Logistics,1143,3084.58,5,6,Late,1909.74,2100.71,Success,None,190.97
SHP100375,2023-10-07,DC_Lyon_FR,Store_London,Retail_Store,Maersk_Inland,2256,3488.93,5,7,Late,2219.87,2219.87,Success,None,0.00
SHP100376,2023-10-03,Vendor_Rotterdam_NL,Ecom_Customer_EU,E_Commerce,DHL_Express,2014,2151.19,5,6,Late,1562.70,1562.70,Success,Lost_Freight,0.00
SHP100377,2023-06-25,DC_Frankfurt_DE,Store_London,B2B_Wholesale,DPD_Local,2436,3479.52,5,5,On_Time,2175.16,2283.92,Success,None,108.76
SHP100378,2023-06-03,DC_Frankfurt_DE,Ecom_Customer_UK,Retail_Store,DHL_Express,1628,3623.06,5,5,On_Time,2114.73,2114.73,Success,None,0.00
SHP100379,2023-06-12,US_Home_Office_NY,Store_Berlin,Retail_Store,XPO_Logistics,1270,2428.49,5,6,Late,1516.75,1592.58,Failure_ASN_Missing,None,75.83
SHP100380,2023-05-16,DC_Frankfurt_DE,Store_Paris,E_Commerce,DPD_Local,1898,348.02,5,8,Late,601.71,631.80,Failure_Invoice_Mismatch,Lost_Freight,30.09
SHP100381,2023-12-25,US_Home_Office_NY,Store_Milan,E_Commerce,Maersk_Inland,1307,799.8,5,9,Late,658.95,724.85,Success,Damaged_in_Transit,65.90
SHP100382,2023-05-11,DC_London_UK,Ecom_Customer_EU,B2B_Wholesale,Maersk_Inland,2252,1578.35,5,8,Late,1249.97,1374.97,Success,None,125.00
SHP100383,2023-08-21,Vendor_Rotterdam_NL,Ecom_Customer_EU,Retail_Store,DPD_Local,324,52.52,1,1,On_Time,197.86,207.75,Success,None,9.89
SHP100384,2023-08-19,US_Home_Office_NY,Ecom_Customer_EU,Retail_Store,XPO_Logistics,2035,680.19,5,6,Late,713.34,713.34,Success,None,0.00
SHP100385,2023-04-26,DC_London_UK,Store_Paris,E_Commerce,DHL_Express,1500,4492.88,5,6,Late,2628.44,2628.44,Success,Shortage,0.00
SHP100386,2023-05-19,DC_Frankfurt_DE,Store_Berlin,Retail_Store,XPO_Logistics,1524,4512.82,5,6,Late,2546.01,2546.01,Success,Lost_Freight,0.00
SHP100387,2023-01-12,DC_Frankfurt_DE,Store_London,B2B_Wholesale,Unknown_Carrier,207,150,1,6,Late,889.39,889.39,Success,Lost_Freight,0.00
SHP100388,2023-01-16,DC_London_UK,Ecom_Customer_EU,Retail_Store,Unknown_Carrier,2090,3995.82,5,9,Late,2492.41,2492.41,Failure_ASN_Missing,Damaged_in_Transit,0.00
SHP100389,2023-03-24,DC_Frankfurt_DE,Store_London,Retail_Store,XPO_Logistics,233,3604.91,1,2,Late,1950.40,2047.92,Success,None,97.52
SHP100390,2023-10-16,DC_London_UK,Store_Milan,Retail_Store,Unknown_Carrier,1272,1537.49,5,7,Late,1078.55,1132.47,Success,None,53.92
SHP100391,2023-09-10,US_Home_Office_NY,Ecom_Customer_EU,B2B_Wholesale,DPD_Local,307,2539.04,1,1,On_Time,1446.57,1446.57,Failure_Invoice_Mismatch,None,0.00
SHP100392,2023-09-01,US_Home_Office_NY,Store_Paris,E_Commerce,DPD_Local,2387,3580.68,5,5,On_Time,2342.39,2342.39,Success,None,0.00
SHP100393,2023-10-07,DC_London_UK,Store_Paris,E_Commerce,DHL_Express,1837,150,5,5,On_Time,2545.73,2673.02,Success,None,127.29
SHP100394,2023-08-19,US_Home_Office_NY,Store_Milan,Retail_Store,XPO_Logistics,1023,258.37,5,6,Late,366.64,403.30,Failure_Invoice_Mismatch,None,36.66
SHP100395,2023-03-25,US_Home_Office_NY,Store_Paris,Retail_Store,FedEx_Crossborder,616,2484.42,3,5,Late,1412.61,1483.24,Success,Damaged_in_Transit,70.63
SHP100396,2023-02-28,US_Home_Office_NY,Store_Paris,B2B_Wholesale,DPD_Local,2044,923.93,5,5,On_Time,914.57,1006.02,Success,None,91.45
SHP100397,2023-06-30,DC_Lyon_FR,Store_Paris,B2B_Wholesale,FedEx_Crossborder,172,1844.88,1,2,Late,1003.24,1003.24,Success,None,0.00
SHP100398,2023-06-25,Vendor_Rotterdam_NL,Ecom_Customer_EU,B2B_Wholesale,XPO_Logistics,2065,881.92,5,6,Late,926.71,1019.38,Success,None,92.67
SHP100399,2023-06-07,DC_Frankfurt_DE,Store_Milan,Retail_Store,XPO_Logistics,2008,4609.96,5,7,Late,2764.18,3040.60,Success,None,276.42
SHP100400,2023-02-27,DC_Lyon_FR,Ecom_Customer_EU,E_Commerce,DPD_Local,1332,2636.5,5,7,Late,1587.05,1666.40,Success,Damaged_in_Transit,79.35
SHP100401,2023-10-21,US_Home_Office_NY,Store_Milan,E_Commerce,Maersk_Inland,1827,415.85,5,9,Late,560.97,589.02,Success,None,28.05
SHP100402,2023-07-11,DC_London_UK,Store_Berlin,Retail_Store,Maersk_Inland,560,3025.05,3,5,Late,1724.53,1724.53,Failure_Invoice_Mismatch,None,0.00
SHP100403,2023-01-28,US_Home_Office_NY,Store_Paris,Retail_Store,DPD_Local,2174,3001.21,5,7,Late,1975.70,1975.70,Success,Shortage,0.00
SHP100404,2023-01-17,Vendor_Rotterdam_NL,Store_Berlin,B2B_Wholesale,DHL_Express,502,3627.43,3,6,Late,2017.02,2017.02,Failure_Invoice_Mismatch,Lost_Freight,0.00
SHP100405,2023-09-06,US_Home_Office_NY,Ecom_Customer_UK,E_Commerce,Maersk_Inland,1533,2518.2,5,7,Late,1687.05,1687.05,Failure_ASN_Missing,Shortage,0.00
SHP100406,2023-01-24,DC_London_UK,Ecom_Customer_UK,E_Commerce,DHL_Express,712,3814.3,3,3,On_Time,2127.95,2127.95,Success,None,0.00
SHP100407,2023-03-27,Vendor_Rotterdam_NL,Store_Paris,Retail_Store,XPO_Logistics,1727,1017.1,5,6,Late,832.60,832.60,Success,Damaged_in_Transit,0.00
SHP100408,2023-11-29,US_Home_Office_NY,Store_London,Retail_Store,FedEx_Crossborder,847,3047.83,3,6,Late,1705.97,1791.26,Success,Lost_Freight,85.29
SHP100409,2023-03-22,Vendor_Rotterdam_NL,Ecom_Customer_UK,Retail_Store,DPD_Local,456,4931.99,1,1,On_Time,2600.40,2860.43,Success,None,260.03
SHP100410,2023-12-24,DC_Frankfurt_DE,Store_London,B2B_Wholesale,FedEx_Crossborder,833,356.77,3,5,Late,378.33,416.17,Failure_ASN_Missing,None,37.84
SHP100411,2023-02-08,DC_Frankfurt_DE,Store_Berlin,E_Commerce,XPO_Logistics,626,1247.78,3,7,Late,793.79,833.48,Success,Lost_Freight,39.69
SHP100412,2023-04-18,US_Home_Office_NY,Store_Paris,E_Commerce,XPO_Logistics,208,3501.83,1,5,Late,1861.12,1861.12,Success,Shortage,0.00
SHP100413,2023-02-02,Vendor_Rotterdam_NL,Store_Berlin,Retail_Store,Maersk_Inland,1122,1085.15,5,7,Late,782.88,782.88,Failure_Invoice_Mismatch,Lost_Freight,0.00
SHP100414,2023-08-17,DC_London_UK,Ecom_Customer_EU,B2B_Wholesale,Maersk_Inland,988,800.85,3,7,Late,707.63,707.63,Failure_ASN_Missing,Shortage,0.00
SHP100415,2023-08-15,US_Home_Office_NY,Store_Berlin,E_Commerce,DHL_Express,934,668.26,3,3,On_Time,586.23,586.23,Success,None,0.00
SHP100416,2023-06-29,DC_Frankfurt_DE,Store_Milan,Retail_Store,DHL_Express,1916,3031.34,5,8,Late,1895.07,1989.83,Failure_Invoice_Mismatch,None,94.76
SHP100417,2023-01-24,DC_Frankfurt_DE,Store_Paris,Retail_Store,Unknown_Carrier,805,695.96,3,5,Late,523.73,576.10,Failure_ASN_Missing,Shortage,52.37
SHP100418,2023-03-31,US_Home_Office_NY,Store_Milan,Retail_Store,DHL_Express,2084,140.11,5,5,On_Time,454.65,500.12,Success,None,45.47
SHP100419,2023-09-17,Vendor_Rotterdam_NL,Store_Berlin,E_Commerce,Maersk_Inland,1040,2332.26,5,7,Late,1470.13,1617.14,Failure_ASN_Missing,None,147.01
SHP100420,2023-12-21,DC_Frankfurt_DE,Store_London,B2B_Wholesale,DHL_Express,2406,2859.68,5,5,On_Time,1892.74,1892.74,Success,None,0.00
SHP100421,2023-03-01,Vendor_Rotterdam_NL,Store_Paris,B2B_Wholesale,DHL_Express,2118,58.12,5,8,Late,487.76,487.76,Success,Lost_Freight,0.00
SHP100422,2023-11-06,DC_Frankfurt_DE,Store_Paris,Retail_Store,DPD_Local,1117,81.61,5,5,On_Time,271.36,284.92,Failure_Invoice_Mismatch,None,13.56
SHP100423,2023-06-01,DC_Frankfurt_DE,Ecom_Customer_UK,B2B_Wholesale,XPO_Logistics,1712,2463.59,5,6,Late,1591.59,1591.59,Failure_ASN_Missing,Lost_Freight,0.00
SHP100424,2023-04-06,DC_Lyon_FR,Store_London,B2B_Wholesale,Maersk_Inland,1007,1589.46,5,7,Late,1045.78,1045.78,Failure_ASN_Missing,Shortage,0.00
SHP100425,2023-03-22,DC_Frankfurt_DE,Ecom_Customer_EU,Retail_Store,Maersk_Inland,206,3980.78,1,4,Late,2123.29,2229.45,Success,None,106.16
SHP100426,2023-12-24,DC_London_UK,Store_London,E_Commerce,DPD_Local,1648,2897.54,5,6,Late,1882.97,2071.27,Success,Shortage,188.30
SHP100427,2023-06-09,US_Home_Office_NY,Store_Berlin,B2B_Wholesale,DPD_Local,674,3547.17,3,5,Late,1995.69,2095.47,Failure_Invoice_Mismatch,Shortage,99.78
SHP100428,2023-06-27,US_Home_Office_NY,Store_Berlin,E_Commerce,DPD_Local,2249,3675.88,5,6,Late,2244.29,2244.29,Success,Shortage,0.00
SHP100429,2023-09-01,Vendor_Rotterdam_NL,Store_Berlin,B2B_Wholesale,XPO_Logistics,1718,3799.99,5,8,Late,2269.70,2269.70,Success,Shortage,0.00
SHP100430,2023-08-04,DC_Frankfurt_DE,Ecom_Customer_UK,Retail_Store,Maersk_Inland,2440,3850.58,5,7,Late,2384.29,2503.50,Failure_Invoice_Mismatch,Damaged_in_Transit,119.21
SHP100431,2023-02-24,DC_London_UK,Store_London,E_Commerce,DPD_Local,171,700.15,1,4,Late,495.72,495.72,Failure_Invoice_Mismatch,None,0.00
SHP100432,2023-02-25,Vendor_Rotterdam_NL,Store_Milan,E_Commerce,DHL_Express,1330,2671.44,5,8,Late,1715.22,1886.74,Success,Shortage,171.52
SHP100433,2023-02-23,DC_Lyon_FR,Store_London,B2B_Wholesale,DHL_Express,785,2044.16,3,5,Late,1273.83,1337.52,Success,None,63.69
SHP100434,2023-12-10,Vendor_Rotterdam_NL,Store_Milan,E_Commerce,DPD_Local,1458,767.38,5,7,Late,735.39,808.93,Success,None,73.54
SHP100435,2023-08-12,Vendor_Rotterdam_NL,Store_Paris,B2B_Wholesale,DPD_Local,1951,355.42,5,7,Late,617.36,617.36,Failure_ASN_Missing,None,0.00
SHP100436,2023-07-15,DC_Frankfurt_DE,Store_Milan,E_Commerce,Maersk_Inland,383,4179.26,1,3,Late,2303.08,2533.39,Failure_Invoice_Mismatch,Shortage,230.31
SHP100437,2023-10-03,DC_Lyon_FR,Store_Paris,B2B_Wholesale,Maersk_Inland,1110,4295.66,5,7,Late,2490.33,2490.33,Failure_ASN_Missing,Shortage,0.00
SHP100438,2023-10-25,Vendor_Rotterdam_NL,Ecom_Customer_EU,B2B_Wholesale,DPD_Local,2263,150,5,7,Late,1700.91,1700.91,Success,Lost_Freight,0.00
SHP100439,2023-08-12,DC_London_UK,Ecom_Customer_EU,Retail_Store,FedEx_Crossborder,1446,269.64,5,6,Late,445.72,445.72,Success,None,0.00
SHP100440,2023-06-19,DC_London_UK,Store_Berlin,Retail_Store,XPO_Logistics,1638,3323.49,5,9,Late,2057.45,2263.19,Success,None,205.74
SHP100441,2023-10-13,US_Home_Office_NY,Store_London,B2B_Wholesale,XPO_Logistics,1490,2632.7,5,7,Late,1723.85,1723.85,Success,None,0.00
SHP100442,2023-03-04,DC_Lyon_FR,Store_Berlin,B2B_Wholesale,XPO_Logistics,1710,2922.8,5,7,Late,1781.90,1870.99,Success,None,89.09
SHP100443,2023-07-08,DC_Lyon_FR,Store_London,B2B_Wholesale,XPO_Logistics,1118,1440.72,5,9,Late,1053.06,1053.06,Failure_Invoice_Mismatch,None,0.00
SHP100444,2023-10-14,US_Home_Office_NY,Store_Milan,Retail_Store,XPO_Logistics,1414,647.91,5,6,Late,659.05,692.01,Success,None,32.96
SHP100445,2023-01-23,Vendor_Rotterdam_NL,Store_London,Retail_Store,DPD_Local,75,2642.58,1,3,Late,1499.54,1574.52,Success,Lost_Freight,74.98
SHP100446,2023-07-05,DC_Lyon_FR,Store_Milan,E_Commerce,DPD_Local,954,2317.56,3,4,Late,1368.88,1368.88,Failure_ASN_Missing,Shortage,0.00
SHP100447,2023-04-12,DC_London_UK,Store_London,B2B_Wholesale,FedEx_Crossborder,439,3494.92,1,2,Late,1886.31,2074.94,Failure_Invoice_Mismatch,None,188.63
SHP100448,2023-07-04,DC_London_UK,Store_Paris,E_Commerce,DHL_Express,1941,3651.39,5,7,Late,2275.85,2503.43,Failure_ASN_Missing,Lost_Freight,227.58
SHP100449,2023-11-09,DC_Frankfurt_DE,Store_Milan,Retail_Store,XPO_Logistics,2008,3588.09,5,8,Late,2222.25,2444.47,Success,Lost_Freight,222.22
SHP100450,2023-04-04,DC_Lyon_FR,Store_Berlin,B2B_Wholesale,FedEx_Crossborder,1245,2173.04,5,6,Late,1470.27,1617.29,Failure_ASN_Missing,None,147.02
SHP100451,2023-11-26,Vendor_Rotterdam_NL,Store_Berlin,E_Commerce,XPO_Logistics,1869,1518.3,5,6,Late,1184.50,1302.95,Failure_Invoice_Mismatch,Lost_Freight,118.45
SHP100452,2023-09-16,US_Home_Office_NY,Store_Berlin,E_Commerce,DPD_Local,1556,2645.3,5,5,On_Time,1691.05,1860.16,Failure_Invoice_Mismatch,None,169.11
SHP100453,2023-08-08,US_Home_Office_NY,Store_Berlin,B2B_Wholesale,DPD_Local,2328,315.86,5,6,Late,663.13,729.44,Success,None,66.31
SHP100454,2023-01-08,Vendor_Rotterdam_NL,Store_Paris,E_Commerce,XPO_Logistics,1831,1961.81,5,6,Late,1335.56,1402.34,Success,Shortage,66.78
SHP100455,2023-03-24,DC_Frankfurt_DE,Store_Paris,E_Commerce,Unknown_Carrier,518,1528.95,3,4,Late,936.18,936.18,Failure_Invoice_Mismatch,Shortage,0.00
SHP100456,2023-03-14,US_Home_Office_NY,Ecom_Customer_UK,Retail_Store,FedEx_Crossborder,2106,2170.72,5,9,Late,1559.26,1715.19,Success,Damaged_in_Transit,155.93
SHP100457,2023-02-28,DC_Lyon_FR,Ecom_Customer_UK,Retail_Store,DPD_Local,1374,918,5,8,Late,824.10,906.51,Success,None,82.41
SHP100458,2023-05-10,DC_Frankfurt_DE,Ecom_Customer_UK,E_Commerce,XPO_Logistics,2029,2883.79,5,9,Late,1841.24,1933.31,Failure_Invoice_Mismatch,None,92.07
SHP100459,2023-10-29,DC_Lyon_FR,Ecom_Customer_EU,E_Commerce,FedEx_Crossborder,1452,1556.9,5,8,Late,1060.25,1060.25,Failure_Invoice_Mismatch,None,0.00
SHP100460,2023-07-05,DC_London_UK,Ecom_Customer_UK,B2B_Wholesale,DHL_Express,265,3516.79,1,4,Late,1962.15,1962.15,Failure_Invoice_Mismatch,Shortage,0.00
SHP100461,2023-12-17,DC_Frankfurt_DE,Store_London,Retail_Store,FedEx_Crossborder,1474,1417.91,5,6,Late,1064.05,1064.05,Success,None,0.00
SHP100462,2023-12-05,US_Home_Office_NY,Ecom_Customer_EU,B2B_Wholesale,FedEx_Crossborder,1653,1610.4,5,8,Late,1135.15,1191.91,Failure_ASN_Missing,Lost_Freight,56.76
SHP100463,2023-06-19,DC_Frankfurt_DE,Store_Milan,B2B_Wholesale,XPO_Logistics,1999,2478.68,5,9,Late,1628.19,1628.19,Success,Shortage,0.00
SHP100464,2023-09-17,DC_Frankfurt_DE,Store_Berlin,Retail_Store,Unknown_Carrier,916,4469.31,3,3,On_Time,2560.06,2688.06,Success,None,128.00
SHP100465,2023-06-12,DC_Frankfurt_DE,Store_London,E_Commerce,Maersk_Inland,1627,491.48,5,9,Late,603.79,633.98,Success,Shortage,30.19
SHP100466,2023-10-26,DC_Frankfurt_DE,Ecom_Customer_EU,E_Commerce,DHL_Express,2116,1056.17,5,7,Late,957.48,957.48,Failure_ASN_Missing,None,0.00
SHP100467,2023-01-25,DC_Lyon_FR,Store_Paris,B2B_Wholesale,Maersk_Inland,2000,3425.3,5,9,Late,2064.65,2064.65,Success,Lost_Freight,0.00
SHP100468,2023-03-02,DC_London_UK,Store_Berlin,B2B_Wholesale,FedEx_Crossborder,655,3112.82,3,6,Late,1780.66,1780.66,Success,Damaged_in_Transit,0.00
SHP100469,2023-07-20,Vendor_Rotterdam_NL,Store_Milan,E_Commerce,Unknown_Carrier,1390,1218.82,5,7,Late,904.91,904.91,Success,Shortage,0.00
SHP100470,2023-07-21,DC_Frankfurt_DE,Store_Milan,B2B_Wholesale,DPD_Local,2278,2268.04,5,5,On_Time,1620.72,1701.76,Success,None,81.04
SHP100471,2023-06-21,US_Home_Office_NY,Store_Paris,E_Commerce,Maersk_Inland,338,3806.81,1,6,Late,2075.11,2075.11,Failure_Invoice_Mismatch,None,0.00
SHP100472,2023-12-19,DC_Frankfurt_DE,Store_Berlin,Retail_Store,DHL_Express,1354,4190.93,5,7,Late,2488.57,2488.57,Success,Lost_Freight,0.00
SHP100473,2023-04-22,US_Home_Office_NY,Ecom_Customer_UK,Retail_Store,XPO_Logistics,1611,2221.88,5,6,Late,1493.59,1493.59,Failure_Invoice_Mismatch,Lost_Freight,0.00
SHP100474,2023-04-03,DC_Lyon_FR,Store_Berlin,E_Commerce,Maersk_Inland,1517,2388.64,5,10,Late,1588.87,1747.76,Failure_Invoice_Mismatch,None,158.89
SHP100475,2023-09-12,US_Home_Office_NY,Store_Berlin,B2B_Wholesale,Maersk_Inland,319,3228.42,1,6,Late,1769.06,1769.06,Failure_ASN_Missing,Lost_Freight,0.00
SHP100476,2023-12-28,Vendor_Rotterdam_NL,Store_Milan,Retail_Store,Maersk_Inland,2173,2187.12,5,8,Late,1546.51,1701.16,Success,Damaged_in_Transit,154.65
SHP100477,2023-11-10,DC_London_UK,Store_Paris,E_Commerce,XPO_Logistics,1385,2733.49,5,7,Late,1695.49,1780.27,Success,Lost_Freight,84.78
SHP100478,2023-03-28,US_Home_Office_NY,Store_Berlin,E_Commerce,DPD_Local,1318,966.76,5,7,Late,773.08,850.39,Success,Damaged_in_Transit,77.31
SHP100479,2023-01-29,US_Home_Office_NY,Store_London,B2B_Wholesale,DPD_Local,1891,1808.4,5,7,Late,1279.85,1279.85,Failure_Invoice_Mismatch,Damaged_in_Transit,0.00
SHP100480,2023-07-12,DC_London_UK,Store_London,B2B_Wholesale,FedEx_Crossborder,2095,3388.4,5,7,Late,2194.45,2304.17,Failure_ASN_Missing,None,109.72
SHP100481,2023-11-22,Vendor_Rotterdam_NL,Store_Paris,B2B_Wholesale,FedEx_Crossborder,471,4657.55,1,3,Late,2572.43,2701.05,Failure_Invoice_Mismatch,Shortage,128.62
SHP100482,2023-02-20,DC_Frankfurt_DE,Ecom_Customer_UK,Retail_Store,DHL_Express,1029,3999.15,5,7,Late,2229.92,2229.92,Failure_Invoice_Mismatch,None,0.00
SHP100483,2023-10-21,US_Home_Office_NY,Ecom_Customer_EU,Retail_Store,DHL_Express,1167,3893.92,5,8,Late,2268.01,2268.01,Failure_ASN_Missing,Lost_Freight,0.00
SHP100484,2023-02-02,DC_London_UK,Store_Berlin,Retail_Store,DHL_Express,1103,464.96,5,7,Late,593.93,593.93,Success,Damaged_in_Transit,0.00
SHP100485,2023-01-22,DC_Lyon_FR,Ecom_Customer_EU,E_Commerce,XPO_Logistics,1950,4664.59,5,9,Late,2745.80,2745.80,Failure_Invoice_Mismatch,Damaged_in_Transit,0.00
SHP100486,2023-06-02,DC_London_UK,Store_Berlin,E_Commerce,DPD_Local,1925,4814.05,5,6,Late,2804.77,2804.77,Success,None,0.00
SHP100487,2023-07-28,DC_Lyon_FR,Store_Milan,E_Commerce,Unknown_Carrier,1293,1357.96,5,6,Late,979.93,1077.92,Success,None,97.99
SHP100488,2023-05-28,Vendor_Rotterdam_NL,Store_Berlin,Retail_Store,XPO_Logistics,1001,3847.2,5,6,Late,2163.75,2271.94,Failure_ASN_Missing,None,108.19
SHP100489,2023-07-23,DC_Frankfurt_DE,Ecom_Customer_EU,E_Commerce,Maersk_Inland,185,3153.67,1,6,Late,1696.59,1781.42,Failure_ASN_Missing,None,84.83
SHP100490,2023-11-29,DC_London_UK,Ecom_Customer_UK,E_Commerce,FedEx_Crossborder,1483,1741.56,5,7,Late,1209.23,1209.23,Success,None,0.00
SHP100491,2023-07-25,US_Home_Office_NY,Store_Berlin,Retail_Store,FedEx_Crossborder,274,855.1,1,2,Late,667.65,667.65,Failure_ASN_Missing,Lost_Freight,0.00
SHP100492,2023-02-15,Vendor_Rotterdam_NL,Store_Berlin,E_Commerce,Unknown_Carrier,944,2454.17,3,5,Late,1461.69,1461.69,Failure_ASN_Missing,None,0.00
SHP100493,2023-11-02,DC_London_UK,Store_Milan,Retail_Store,DPD_Local,1561,1687.37,5,6,Late,1251.83,1314.42,Failure_ASN_Missing,Damaged_in_Transit,62.59
SHP100494,2023-08-28,US_Home_Office_NY,Store_London,E_Commerce,Maersk_Inland,1305,121.81,5,7,Late,312.65,328.29,Success,None,15.64
SHP100495,2023-08-19,DC_London_UK,Store_London,B2B_Wholesale,Maersk_Inland,2319,3683.81,5,7,Late,2347.76,2465.14,Failure_ASN_Missing,Damaged_in_Transit,117.38
SHP100496,2023-04-12,DC_Lyon_FR,Ecom_Customer_UK,Retail_Store,XPO_Logistics,709,4145.67,3,6,Late,2252.18,2364.79,Success,None,112.61
SHP100497,2023-03-29,DC_London_UK,Store_Paris,E_Commerce,Maersk_Inland,2270,2084.87,5,8,Late,1479.94,1553.93,Success,Damaged_in_Transit,73.99
SHP100498,2023-07-24,DC_London_UK,Store_Paris,E_Commerce,FedEx_Crossborder,1969,3119.34,5,6,Late,1978.02,2175.82,Success,None,197.80
SHP100499,2023-07-24,DC_London_UK,Store_Milan,B2B_Wholesale,DHL_Express,2208,3510.09,5,5,On_Time,2168.24,2276.66,Failure_Invoice_Mismatch,None,108.42
